floor_type,lx_ft,ly_ft,story_ht_ft,live_psf,method,h_in,h_min_in,h_over_h_min,sw_psf,vol_per_area_in,M0_kipft,qu_psf,punch_ratio,punch_ok,vu_max_psi,has_studs,n_stud_cols,stud_rails_max,stud_per_rail_max,defl_ratio,defl_ok,defl_in,defl_limit_in,col_min_in,col_max_in,col_rho_max,As_cs_in2,As_ms_in2,As_total_in2,integrity_ok,n_transfer_bars,pattern_loading,runtime_s,h_drop_in,a_drop1_ft,a_drop2_ft,failures,fdn_n_sized,fdn_n_groups,fdn_max_B_ft,fdn_max_L_ft,fdn_max_D_in,fdn_max_util,fdn_conc_vol_ft3,fdn_steel_vol_in3,fdn_ok,converged,failure_reason,failing_check,min_h_rule
flat_plate,16.0,16.0,12.007874015748031,50.0,EFM (HC),5.5,5.35,1.028,68.09850032847775,5.5,80.52227507037699,185.71820039417332,0.8912186620649508,true,169.09685192238877,false,0,0,0,0.09691140075272901,true,0.051719995152375076,0.5336832895888015,14.0,22.0,0.062,8.8,2.4,11.200000000000001,true,0,false,0.106,0.0,0.0,0.0,,16,3,3.5,3.5,12.0,0.884,124.0,1592.6,true,true,,,nomin
flat_plate,16.0,16.0,12.007874015748031,50.0,EFM (ASAP),5.5,5.35,1.028,68.09850032847775,5.5,80.57927158338944,185.71820039417332,0.8912186620649508,true,169.09685192238877,false,0,0,0,0.09691140075272907,true,0.0517199951523751,0.5336832895888015,14.0,21.500000000000004,0.062,8.600000000000001,2.4,11.0,true,0,false,0.157,0.0,0.0,0.0,,16,3,3.5,3.5,12.0,0.884,124.0,1592.6,true,true,,,nomin
flat_plate,16.0,16.0,12.007874015748031,150.0,EFM (HC),7.0,5.0,1.399,86.67081859988077,7.0,139.56149566509515,368.0049823198569,0.7694175024112299,true,143.029619942492,false,0,0,0,0.1410230405268392,true,0.07526164017617842,0.5336832895888015,14.0,32.5,0.061224489795918366,13.200000000000001,2.8000000000000003,16.0,false,0,true,0.147,0.0,0.0,0.0,,16,3,4.75,4.75,12.0,0.953,213.2,2957.8,true,true,,,nomin
flat_plate,16.0,16.0,12.007874015748031,150.0,EFM (ASAP),7.0,5.0,1.399,86.67081859988077,7.0,139.56149566509515,368.0049823198569,0.7694175024112299,true,143.029619942492,false,0,0,0,0.1410230405268392,true,0.07526164017617842,0.5336832895888015,14.0,32.0,0.061224489795918366,14.4,3.9999999999999996,18.400000000000002,true,0,true,0.123,0.0,0.0,0.0,,16,3,4.75,4.75,12.0,0.953,213.2,2957.8,true,true,,,nomin
flat_plate,16.0,16.0,12.007874015748031,250.0,EFM (HC),8.0,5.0,1.6,99.05236411414946,8.0,194.65882426412358,542.8628369369793,0.8087913746106429,true,148.70426924371228,false,0,0,0,0.15745736621323525,true,0.084032365170668,0.5336832895888015,16.0,36.0,0.06171875,16.799999999999997,3.5999999999999996,20.4,false,0,true,0.155,0.0,0.0,0.0,,16,3,5.75,5.75,12.0,0.992,296.2,3564.5,true,true,,,nomin
flat_plate,16.0,16.0,12.007874015748031,250.0,EFM (ASAP),8.0,5.0,1.6,99.05236411414946,8.0,196.02457230019536,542.8628369369793,0.8029252540332312,true,146.62811888777912,false,0,0,0,0.15745736621323522,true,0.08403236517066798,0.5336832895888015,16.0,35.5,0.06171875,18.4,5.199999999999999,23.599999999999998,true,0,true,0.259,0.0,0.0,0.0,,16,3,5.75,5.75,12.0,0.992,296.2,3564.5,true,true,,,nomin
flat_plate,16.0,20.0,12.007874015748031,50.0,EFM (HC),5.5,6.63,0.829,68.09850032847775,5.5,94.34395539719513,185.71820039417332,0.8507096048603783,true,149.8814559584073,false,0,0,0,0.09691140075272915,true,0.051719995152375145,0.5336832895888015,17.0,23.999999999999996,0.04285714285714286,11.2,2.8000000000000003,14.0,true,0,false,0.131,0.0,0.0,0.0,,16,3,3.75,3.75,12.0,0.964,141.8,1725.4,true,true,,,nomin
flat_plate,16.0,20.0,12.007874015748031,50.0,EFM (ASAP),5.5,6.63,0.829,68.09850032847775,5.5,94.41293248300745,185.71820039417332,0.851356096239466,true,149.8814559584073,false,0,0,0,0.0969114007527291,true,0.05171999515237512,0.5336832895888015,17.0,23.5,0.04285714285714286,11.4,2.8000000000000003,14.2,true,0,false,0.181,0.0,0.0,0.0,,16,3,3.75,3.75,12.0,0.964,141.8,1725.4,true,true,,,nomin
flat_plate,16.0,20.0,12.007874015748031,150.0,EFM (HC),7.0,6.3,1.11,86.67081859988077,7.0,164.0509220707683,368.0049823198569,0.8572931835631973,true,144.32220589451055,false,0,0,0,0.1410230405268392,true,0.07526164017617842,0.5336832895888015,17.0,35.0,0.06171875,16.599999999999998,3.5999999999999996,20.2,false,0,true,0.093,0.0,0.0,0.0,,16,3,5.25,5.25,12.0,0.975,253.0,3261.1,true,true,,,nomin
flat_plate,16.0,20.0,12.007874015748031,150.0,EFM (ASAP),7.0,6.3,1.111,86.67081859988077,7.0,163.8589572922203,368.0049823198569,0.8572931835631973,true,144.32220589451055,false,0,0,0,0.1410230405268392,true,0.07526164017617842,0.5336832895888015,17.0,35.5,0.06171875,18.2,4.8,23.0,true,0,true,0.184,0.0,0.0,0.0,,16,3,5.25,5.25,12.0,0.975,253.0,3261.1,true,true,,,nomin
flat_plate,16.0,20.0,12.007874015748031,250.0,EFM (HC),8.0,6.31,1.268,99.05236411414946,8.0,242.37767295194348,542.8628369369793,0.9980034858323439,true,188.82494567070793,false,0,0,0,0.15745736621323525,true,0.084032365170668,0.5336832895888015,18.0,36.0,0.06172839506172839,21.400000000000002,4.6000000000000005,26.000000000000004,false,0,true,0.234,0.0,0.0,0.0,,16,3,6.5,6.5,12.0,0.98,373.2,4721.0,true,true,,,nomin
flat_plate,16.0,20.0,12.007874015748031,250.0,EFM (ASAP),8.0,6.32,1.266,99.05236411414946,8.0,243.60764672776057,542.8628369369793,0.9964305506078308,true,188.0024595442006,false,0,0,0,0.15745736621323525,true,0.084032365170668,0.5336832895888015,18.0,35.0,0.06172839506172839,23.6,6.4,30.0,true,0,true,0.248,0.0,0.0,0.0,,16,3,6.5,6.5,12.0,0.98,373.2,4721.0,true,true,,,nomin
flat_plate,16.0,24.0,12.007874015748031,50.0,EFM (HC),5.999999999999999,7.88,0.761,74.2892730856121,5.999999999999999,108.71220466854462,193.14712770273448,0.7632932291344787,true,127.42032063373738,false,0,0,0,0.07464645509368188,true,0.0398375657105389,0.5336832895888015,20.0,30.0,0.07680555555555556,12.600000000000001,3.5999999999999996,16.2,true,0,false,0.177,0.0,0.0,0.0,,16,3,4.25,4.25,12.0,0.941,169.2,1915.0,true,true,,,nomin
flat_plate,16.0,24.0,12.007874015748031,50.0,EFM (ASAP),5.999999999999999,7.89,0.761,74.2892730856121,5.999999999999999,108.79492222564339,193.14712770273448,0.7632932291344787,true,128.07904797506836,false,0,0,0,0.07464645509368183,true,0.03983756571053887,0.5336832895888015,20.0,30.0,0.061224489795918366,12.400000000000002,3.5999999999999996,16.0,true,0,false,0.135,0.0,0.0,0.0,,16,3,4.25,4.25,12.0,0.941,169.2,1915.0,true,true,,,nomin
flat_plate,16.0,24.0,12.007874015748031,150.0,EFM (HC),7.5,7.73,0.97,92.86159135701512,7.5,198.72502844459504,375.43390962841806,0.897673273020909,true,170.01811366354644,false,0,0,0,0.11465695502389539,true,0.061190500931387753,0.5336832895888015,20.0,35.5,0.078125,19.2,4.199999999999999,23.4,false,0,true,0.191,0.0,0.0,0.0,,16,3,5.75,5.75,12.0,0.995,312.8,3678.2,true,true,,,nomin
flat_plate,16.0,24.0,12.007874015748031,150.0,EFM (ASAP),7.5,7.74,0.97,92.86159135701512,7.5,198.88095138932766,375.43390962841806,0.8989456538030378,true,170.56294552360825,false,0,0,0,0.11465695502389528,true,0.0611905009313877,0.5336832895888015,20.0,35.5,0.078125,20.6,5.6,26.2,true,0,true,0.23,0.0,0.0,0.0,,16,3,5.75,5.75,12.0,0.995,312.8,3678.2,true,true,,,nomin
flat_plate,16.0,24.0,12.007874015748031,250.0,EFM (HC),9.0,7.72,1.166,111.43390962841812,9.0,293.70986282175676,557.7206915541018,0.9654311954352914,true,183.17769010528048,false,0,0,0,0.11058734087952876,true,0.059018615867465055,0.5336832895888015,20.0,36.0,0.07839506172839505,23.8,5.2,28.999999999999996,false,0,true,0.131,0.0,0.0,0.0,,16,3,7.0,7.0,14.0,0.998,477.7,5877.6,true,true,,,nomin
flat_plate,16.0,24.0,12.007874015748031,250.0,EFM (ASAP),9.0,7.72,1.165,111.43390962841812,9.0,293.82537085084294,557.7206915541018,0.9509309189264984,true,180.20352932819725,false,0,0,0,0.11058734087952876,true,0.059018615867465055,0.5336832895888015,20.0,36.0,0.07839506172839505,25.0,7.0,32.0,true,0,true,0.164,0.0,0.0,0.0,,16,3,7.0,7.0,14.0,0.998,477.7,5877.6,true,true,,,nomin
flat_plate,16.0,28.0,12.007874015748031,50.0,EFM (HC),6.5,9.18,0.708,80.48004584274643,6.5,123.08887675912419,200.5760550112957,0.7199320006749657,true,117.23967603772762,false,0,0,0,0.05871145853522181,true,0.031333324327633694,0.5336832895888015,23.0,36.0,0.06171875,13.8,3.9999999999999996,17.8,false,0,false,0.105,0.0,0.0,0.0,,16,3,4.75,4.75,12.0,0.97,199.8,2844.0,true,true,,,nomin
flat_plate,16.0,28.0,12.007874015748031,50.0,EFM (ASAP),6.5,9.18,0.708,80.48004584274643,6.5,123.18570123078851,200.5760550112957,0.7199320006749657,true,117.8586603824272,false,0,0,0,0.05871145853522183,true,0.03133332432763371,0.5336832895888015,23.0,36.0,0.0546875,13.8,3.9999999999999996,17.8,false,0,false,0.176,0.0,0.0,0.0,,16,3,4.75,4.75,12.0,0.97,199.8,2844.0,true,true,,,nomin
flat_plate,16.0,28.0,12.007874015748031,150.0,EFM (HC),8.5,9.18,0.926,105.2431368712838,8.5,240.07845213693713,390.29176424554055,0.860232006773742,true,155.0953472261445,false,0,0,0,0.07876393714749576,true,0.04203499707784114,0.5336832895888015,23.0,36.0,0.07839506172839505,20.4,5.199999999999999,25.6,false,0,true,0.107,0.0,0.0,0.0,,16,3,6.5,6.5,12.0,0.985,373.2,4721.0,true,true,,,nomin
flat_plate,16.0,28.0,12.007874015748031,150.0,EFM (ASAP),8.5,9.18,0.926,105.2431368712838,8.5,240.07845213693713,390.29176424554055,0.860232006773742,true,155.0953472261445,false,0,0,0,0.07876393714749576,true,0.04203499707784114,0.5336832895888015,23.0,36.0,0.07839506172839505,21.200000000000003,6.4,27.6,true,0,true,0.179,0.0,0.0,0.0,,16,3,6.5,6.5,12.0,0.985,373.2,4721.0,true,true,,,nomin
flat_plate,16.0,28.0,12.007874015748031,250.0,EFM (HC),10.0,9.19,1.088,123.8154551426868,10.0,353.8697144571179,572.5785461712242,0.9969469130240638,true,189.1573770857895,false,0,0,0,0.08061817150117644,true,0.043024570967382006,0.5336832895888015,23.0,36.0,0.07800000000000001,25.8,6.4,32.2,false,0,true,0.181,0.0,0.0,0.0,,16,3,7.75,7.75,15.0,0.974,606.3,7129.0,true,true,,,nomin
flat_plate,16.0,28.0,12.007874015748031,250.0,EFM (ASAP),10.0,9.2,1.088,123.8154551426868,10.0,354.14709444283534,572.5785461712242,0.9969469130240638,true,189.1573770857895,false,0,0,0,0.08061817150117644,true,0.043024570967382006,0.5336832895888015,23.0,36.0,0.07800000000000001,26.199999999999996,8.0,34.199999999999996,true,0,true,0.167,0.0,0.0,0.0,,16,3,7.75,7.75,15.0,0.974,606.3,7129.0,true,true,,,nomin
flat_plate,16.0,32.0,12.007874015748031,50.0,EFM (HC),7.5,10.67,0.703,92.86159135701512,7.5,153.86148025939949,215.43390962841812,0.7118295329868314,true,124.87797952633488,false,0,0,0,0.03821898500796515,true,0.02039683364379593,0.5336832895888015,26.0,35.0,0.078125,14.6,5.199999999999999,19.8,false,0,false,0.413,0.0,0.0,0.0,,16,3,5.25,5.25,12.0,0.913,253.0,3261.1,true,true,,,nomin
flat_plate,16.0,32.0,12.007874015748031,50.0,EFM (ASAP),7.5,10.67,0.703,92.86159135701512,7.5,153.86148025939949,215.43390962841812,0.7118295329868314,true,124.87797952633488,false,0,0,0,0.03821898500796515,true,0.02039683364379593,0.5336832895888015,26.0,35.0,0.078125,14.4,5.199999999999999,19.6,false,0,false,0.161,0.0,0.0,0.0,,16,3,5.25,5.25,12.0,0.913,253.0,3261.1,true,true,,,nomin
flat_plate,16.0,32.0,12.007874015748031,150.0,EFM (HC),9.5,10.62,0.894,117.62468238555248,9.5,283.07483857457055,405.1496188626629,0.8399172325862448,true,159.36309005987584,false,0,0,0,0.056417440327401494,true,0.03010904514410754,0.5336832895888015,26.0,36.0,0.07800000000000001,21.799999999999997,6.8,28.6,false,0,true,0.185,0.0,0.0,0.0,,16,3,7.0,7.0,14.0,0.966,477.7,5877.6,true,true,,,nomin
flat_plate,16.0,32.0,12.007874015748031,150.0,EFM (ASAP),9.5,10.62,0.894,117.62468238555248,9.5,283.07483857457055,405.1496188626629,0.8399172325862448,true,159.36309005987584,false,0,0,0,0.056417440327401494,true,0.03010904514410754,0.5336832895888015,26.0,36.0,0.07800000000000001,21.799999999999997,7.199999999999999,28.999999999999996,true,0,true,0.153,0.0,0.0,0.0,,16,3,7.0,7.0,14.0,0.966,477.7,5877.6,true,true,,,nomin
flat_plate,16.0,32.0,12.007874015748031,250.0,EFM (HC),11.5,10.65,1.08,142.38777341408982,11.5,420.88457239495773,594.8653280969078,0.9896190607815055,true,187.7670148791701,false,0,0,0,0.05300775639100946,true,0.028289353804475743,0.5336832895888015,26.0,35.0,0.07839506172839505,27.0,7.999999999999999,35.0,false,0,true,0.163,0.0,0.0,0.0,,16,3,8.5,8.5,17.0,0.965,769.7,7830.5,true,true,,,nomin
flat_plate,16.0,32.0,12.007874015748031,250.0,EFM (ASAP),11.5,10.65,1.08,142.38777341408982,11.5,420.88457239495773,594.8653280969078,0.9896190607815055,true,187.7670148791701,false,0,0,0,0.05300775639100943,true,0.02828935380447573,0.5336832895888015,26.0,35.0,0.07839506172839505,26.8,8.799999999999999,35.6,false,0,true,0.211,0.0,0.0,0.0,,16,3,8.5,8.5,17.0,0.965,769.7,7830.5,true,true,,,nomin
flat_plate,20.0,16.0,12.007874015748031,50.0,EFM (HC),5.5,6.63,0.829,68.09850032847775,5.5,94.34395539719513,185.71820039417332,0.850709306350933,true,149.88140336580693,false,0,0,0,0.09691140075272915,true,0.051719995152375145,0.5336832895888015,17.0,23.999999999999996,0.04285714285714286,11.2,2.8000000000000003,14.0,true,0,false,0.128,0.0,0.0,0.0,,16,3,3.75,3.75,12.0,0.964,141.8,1725.4,true,true,,,nomin
flat_plate,20.0,16.0,12.007874015748031,50.0,EFM (ASAP),5.5,6.63,0.829,68.09850032847775,5.5,94.41293248300745,185.71820039417332,0.8513560125478837,true,149.88140336580693,false,0,0,0,0.0969114007527291,true,0.05171999515237512,0.5336832895888015,17.0,23.5,0.04285714285714286,11.4,2.8000000000000003,14.2,true,0,false,0.133,0.0,0.0,0.0,,16,3,3.75,3.75,12.0,0.964,141.8,1725.4,true,true,,,nomin
flat_plate,20.0,16.0,12.007874015748031,150.0,EFM (HC),7.0,6.3,1.11,86.67081859988077,7.0,164.0509220707683,368.0049823198569,0.8572928827436098,true,144.32215525262131,false,0,0,0,0.1410230405268392,true,0.07526164017617842,0.5336832895888015,17.0,35.0,0.06171875,16.599999999999998,3.5999999999999996,20.2,false,0,true,0.112,0.0,0.0,0.0,,16,3,5.25,5.25,12.0,0.975,253.0,3261.1,true,true,,,nomin
flat_plate,20.0,16.0,12.007874015748031,150.0,EFM (ASAP),7.0,6.3,1.111,86.67081859988077,7.0,163.8589572922203,368.0049823198569,0.8572928827436098,true,144.32215525262131,false,0,0,0,0.1410230405268392,true,0.07526164017617842,0.5336832895888015,17.0,35.5,0.06171875,18.2,4.8,23.0,true,0,true,0.124,0.0,0.0,0.0,,16,3,5.25,5.25,12.0,0.975,253.0,3261.1,true,true,,,nomin
flat_plate,20.0,16.0,12.007874015748031,250.0,EFM (HC),8.0,6.31,1.268,99.05236411414946,8.0,242.37767295194348,542.8628369369793,0.9980023607585081,true,188.82473280371005,false,0,0,0,0.15745736621323525,true,0.084032365170668,0.5336832895888015,18.0,36.0,0.06172839506172839,21.400000000000002,4.6000000000000005,26.000000000000004,false,0,true,0.176,0.0,0.0,0.0,,16,3,6.5,6.5,12.0,0.98,373.2,4721.0,true,true,,,nomin
flat_plate,20.0,16.0,12.007874015748031,250.0,EFM (ASAP),8.0,6.32,1.266,99.05236411414946,8.0,243.60764672776057,542.8628369369793,0.9964302009656857,true,188.00224316569015,false,0,0,0,0.15745736621323525,true,0.084032365170668,0.5336832895888015,18.0,35.0,0.06172839506172839,23.6,6.4,30.0,true,0,true,0.198,0.0,0.0,0.0,,16,3,6.5,6.5,12.0,0.98,373.2,4721.0,true,true,,,nomin
flat_plate,20.0,20.0,12.007874015748031,50.0,EFM (HC),6.5,6.49,1.002,80.48004584274643,6.5,159.9047735212826,200.5760550112957,0.7767668346451203,true,142.1787587881321,false,0,0,0,0.11467081745160504,true,0.07649737384676189,0.6671041119860017,17.0,34.5,0.07142857142857142,14.799999999999999,3.2,17.999999999999996,false,0,false,0.352,0.0,0.0,0.0,,16,3,4.5,4.5,12.0,0.904,190.5,2464.8,true,true,,,nomin
flat_plate,20.0,20.0,12.007874015748031,50.0,EFM (ASAP),6.5,6.49,1.002,80.48004584274643,6.5,159.9047735212826,200.5760550112957,0.7766448973199562,true,142.1787587881321,false,0,0,0,0.11467081745160504,true,0.07649737384676189,0.6671041119860017,17.0,33.5,0.061224489795918366,14.6,3.2,17.8,true,0,false,0.101,0.0,0.0,0.0,,16,3,4.5,4.5,12.0,0.904,190.5,2464.8,true,true,,,nomin
flat_plate,20.0,20.0,12.007874015748031,150.0,EFM (HC),8.5,6.35,1.338,105.2431368712838,8.5,298.5719126679842,390.29176424554055,0.8945480664940355,true,165.89639124622593,false,0,0,0,0.15383581474120261,true,0.10262450458457305,0.6671041119860017,18.0,36.0,0.06172839506172839,21.6,4.6000000000000005,26.200000000000006,false,0,true,0.182,0.0,0.0,0.0,,16,3,6.0,6.0,12.0,0.991,324.5,3754.1,true,true,,,nomin
flat_plate,20.0,20.0,12.007874015748031,150.0,EFM (ASAP),8.5,6.36,1.337,105.2431368712838,8.5,298.7497918191713,390.29176424554055,0.8750988428381361,true,165.89639124622593,false,0,0,0,0.15383581474120261,true,0.10262450458457305,0.6671041119860017,18.0,36.0,0.06172839506172839,23.400000000000002,6.199999999999999,29.6,true,0,true,0.206,0.0,0.0,0.0,,16,3,6.0,6.0,12.0,0.991,324.5,3754.1,true,true,,,nomin
flat_plate,20.0,20.0,12.007874015748031,250.0,EFM (HC),10.0,6.31,1.584,123.8154551426868,10.0,432.55853171815886,572.5785461712242,0.9869248818231482,true,187.25583036321956,false,0,0,0,0.1574573662132351,true,0.10504045646333489,0.6671041119860017,18.0,35.0,0.07839506172839505,27.0,5.4,32.4,false,0,true,0.179,0.0,0.0,0.0,,16,3,7.25,7.25,14.0,0.995,522.0,6181.0,true,true,,,nomin
flat_plate,20.0,20.0,12.007874015748031,250.0,EFM (ASAP),10.0,6.31,1.585,123.8154551426868,10.0,432.040112612137,572.5785461712242,0.9389413789579805,true,178.15160081319084,false,0,0,0,0.1574573662132351,true,0.10504045646333489,0.6671041119860017,18.0,36.0,0.07839506172839505,28.8,7.799999999999999,36.6,true,0,true,0.198,0.0,0.0,0.0,,16,3,7.25,7.25,14.0,0.995,522.0,6181.0,true,true,,,nomin
flat_plate,20.0,24.0,12.007874015748031,50.0,EFM (HC),6.5,7.87,0.826,80.48004584274643,6.5,187.65454182642404,200.5760550112957,0.8901349766133818,true,156.4262912938496,false,0,0,0,0.11467081745160508,true,0.07649737384676192,0.6671041119860017,20.0,32.5,0.06171875,18.2,3.9999999999999996,22.2,true,0,false,0.106,0.0,0.0,0.0,,16,3,4.75,4.75,12.0,0.974,213.2,2957.8,true,true,,,nomin
flat_plate,20.0,24.0,12.007874015748031,50.0,EFM (ASAP),6.5,7.79,0.835,80.48004584274643,6.5,182.81420510754253,200.5760550112957,0.8235828288292038,true,136.0597578885021,false,0,0,0,0.11467081745160504,true,0.07649737384676189,0.6671041119860017,20.0,35.5,0.06171875,17.8,3.8,21.6,true,0,false,0.118,0.0,0.0,0.0,,16,3,4.75,4.75,12.0,0.974,213.2,2957.8,true,true,,,nomin
flat_plate,20.0,24.0,12.007874015748031,150.0,EFM (HC),8.5,7.74,1.098,105.2431368712838,8.5,350.85541726327307,390.29176424554055,0.965522302763988,true,178.47031404986083,false,0,0,0,0.15383581474120261,true,0.10262450458457305,0.6671041119860017,20.0,36.0,0.07703703703703704,26.2,5.6,31.8,false,0,true,0.131,0.0,0.0,0.0,,16,3,6.75,6.75,13.0,0.948,426.9,5631.1,true,true,,,nomin
flat_plate,20.0,24.0,12.007874015748031,150.0,EFM (ASAP),8.5,7.71,1.103,105.2431368712838,8.5,346.85412131759585,390.29176424554055,0.9289342336064706,true,168.49775182875624,false,0,0,0,0.15383581474120261,true,0.10262450458457305,0.6671041119860017,20.0,36.0,0.07703703703703704,28.4,7.6,35.99999999999999,true,0,true,0.158,0.0,0.0,0.0,,16,3,6.75,6.75,13.0,0.948,426.9,5631.1,true,true,,,nomin
flat_plate,20.0,24.0,12.007874015748031,250.0,EFM (HC),10.5,7.7,1.364,130.00622789982114,10.5,514.363715231052,580.0074734797854,0.9991177782415522,true,189.5692698006195,false,0,0,0,0.1360175931007322,true,0.09073789565993726,0.6671041119860017,20.0,36.0,0.07800000000000001,31.4,6.4,37.8,false,0,true,0.145,0.0,0.0,0.0,,16,3,8.0,8.0,16.0,0.993,669.8,7394.4,true,true,,,nomin
flat_plate,20.0,24.0,12.007874015748031,250.0,EFM (ASAP),10.5,7.72,1.36,130.00622789982114,10.5,517.9548995190233,580.0074734797854,0.9949852396613726,true,188.78517573470637,false,0,0,0,0.1360175931007322,true,0.09073789565993726,0.6671041119860017,20.0,36.0,0.07800000000000001,33.4,8.999999999999998,42.4,true,0,true,0.185,0.0,0.0,0.0,,16,3,8.0,8.0,16.0,0.993,669.8,7394.4,true,true,,,nomin
flat_plate,20.0,28.0,12.007874015748031,50.0,EFM (HC),6.5,9.16,0.709,80.48004584274643,6.5,207.84395408125562,200.5760550112957,0.8999147651932329,true,142.10452646805223,false,0,0,0,0.11467081745160504,true,0.07649737384676189,0.6671041119860017,23.0,36.0,0.078125,21.400000000000002,4.6000000000000005,26.000000000000004,true,0,false,0.1,0.0,0.0,0.0,,16,3,5.25,5.25,12.0,0.929,253.0,3261.1,true,true,,,nomin
flat_plate,20.0,28.0,12.007874015748031,50.0,EFM (ASAP),6.5,9.16,0.709,80.48004584274643,6.5,207.84395408125562,200.5760550112957,0.8999147651932329,true,142.10452646805223,false,0,0,0,0.114670817451605,true,0.07649737384676186,0.6671041119860017,23.0,36.0,0.078125,21.2,4.6000000000000005,25.8,true,0,false,0.087,0.0,0.0,0.0,,16,3,5.25,5.25,12.0,0.929,253.0,3261.1,true,true,,,nomin
flat_plate,20.0,28.0,12.007874015748031,150.0,EFM (HC),9.0,9.18,0.98,111.43390962841812,9.0,414.50519460956883,397.72069155410173,0.9941539378077617,true,187.56596578435784,false,0,0,0,0.12959454009319765,true,0.08645305058710692,0.6671041119860017,23.0,35.5,0.07800000000000001,29.599999999999998,6.4,35.99999999999999,false,0,true,0.124,0.0,0.0,0.0,,16,3,7.25,7.25,14.0,0.966,522.0,6181.0,true,true,,,nomin
flat_plate,20.0,28.0,12.007874015748031,150.0,EFM (ASAP),9.0,9.18,0.98,111.43390962841812,9.0,414.88050831426193,397.72069155410173,0.996840621922409,true,189.13720976721524,false,0,0,0,0.12959454009319762,true,0.0864530505871069,0.6671041119860017,23.0,35.5,0.07800000000000001,32.0,8.2,40.2,true,0,true,0.153,0.0,0.0,0.0,,16,3,7.25,7.25,14.0,0.966,522.0,6181.0,true,true,,,nomin
flat_plate,20.0,28.0,12.007874015748031,250.0,EFM (HC),12.5,9.18,1.362,154.7693189283585,12.5,634.4961834000256,609.7231827140303,0.9975147756122121,true,189.26512143638232,false,0,0,0,0.08061817150117638,true,0.05378071370922746,0.6671041119860017,23.999999999999996,35.5,0.07703703703703704,33.6,7.6,41.199999999999996,false,0,true,0.178,0.0,0.0,0.0,,16,3,9.0,9.0,18.0,0.997,879.5,9138.7,true,true,,,nomin
flat_plate,20.0,28.0,12.007874015748031,250.0,EFM (ASAP),12.5,9.18,1.362,154.7693189283585,12.5,634.6878005862218,609.7231827140303,0.9971135118739781,true,189.18898699506713,false,0,0,0,0.08061817150117638,true,0.05378071370922746,0.6671041119860017,23.999999999999996,36.0,0.07839506172839505,33.199999999999996,9.799999999999999,43.0,true,0,true,0.22,0.0,0.0,0.0,,16,3,9.0,9.0,18.0,0.997,879.5,9138.7,true,true,,,nomin
flat_plate,20.0,32.0,12.007874015748031,50.0,EFM (HC),7.5,10.61,0.707,92.86159135701512,7.5,254.32033414413542,215.43390962841812,0.8514820384274124,true,151.7975334513263,false,0,0,0,0.07464645509368178,true,0.049796957138173545,0.6671041119860017,26.0,36.0,0.07839506172839505,22.199999999999996,5.199999999999999,27.399999999999995,false,0,false,0.105,0.0,0.0,0.0,,16,3,5.75,5.75,12.0,0.983,296.2,3564.5,true,true,,,nomin
flat_plate,20.0,32.0,12.007874015748031,50.0,EFM (ASAP),7.5,10.61,0.707,92.86159135701512,7.5,254.474536848734,215.43390962841812,0.8514820384274124,true,152.24994882590406,false,0,0,0,0.07464645509368181,true,0.04979695713817356,0.6671041119860017,26.0,36.0,0.07703703703703704,22.199999999999996,5.199999999999999,27.399999999999995,false,0,false,0.112,0.0,0.0,0.0,,16,3,5.75,5.75,12.0,0.983,296.2,3564.5,true,true,,,nomin
flat_plate,20.0,32.0,12.007874015748031,150.0,EFM (HC),10.5,10.65,0.986,130.00622789982114,10.5,502.9089356452304,420.0074734797854,0.9939316511501327,true,188.58527136998012,false,0,0,0,0.08161055586043933,true,0.054442737395962365,0.6671041119860017,26.0,34.5,0.06446280991735538,30.999999999999993,7.6,38.599999999999994,false,0,true,0.092,0.0,0.0,0.0,,16,3,8.0,8.0,16.0,0.958,669.8,7394.4,true,true,,,nomin
flat_plate,20.0,32.0,12.007874015748031,150.0,EFM (ASAP),10.5,10.65,0.986,130.00622789982114,10.5,502.75758331555727,420.0074734797854,0.9939316511501327,true,188.58527136998012,false,0,0,0,0.08161055586043929,true,0.05444273739596234,0.6671041119860017,26.0,34.5,0.06446280991735538,31.599999999999998,9.200000000000001,40.8,true,0,true,0.169,0.0,0.0,0.0,,16,3,8.0,8.0,16.0,0.958,669.8,7394.4,true,true,,,nomin
flat_plate,20.0,32.0,12.007874015748031,250.0,EFM (HC),14.0,10.61,1.319,173.34163719976155,14.0,747.2207377365702,632.0099646397139,0.9979671897252592,true,189.35096097895234,false,0,0,0,0.05738242208937142,true,0.03828004973153605,0.6671041119860017,26.0,36.0,0.062400000000000004,36.199999999999996,10.0,46.199999999999996,false,0,true,0.169,0.0,0.0,0.0,,16,3,9.75,9.75,19.0,0.991,1126.7,11205.4,true,true,,,nomin
flat_plate,20.0,32.0,12.007874015748031,250.0,EFM (ASAP),14.0,10.61,1.319,173.34163719976155,14.0,747.4470811755318,632.0099646397139,0.9979671897252592,true,189.35096097895234,false,0,0,0,0.05738242208937138,true,0.03828004973153602,0.6671041119860017,26.0,36.0,0.062400000000000004,35.800000000000004,11.2,47.00000000000001,false,0,true,0.254,0.0,0.0,0.0,,16,3,9.75,9.75,19.0,0.991,1126.7,11205.4,true,true,,,nomin
flat_plate,20.0,36.0,12.007874015748031,50.0,EFM (HC),8.0,12.08,0.662,99.05236411414946,8.0,297.7174708831182,222.86283693697933,0.9001200757433954,true,160.1998811869281,false,0,0,0,0.06150678367704501,true,0.04103142830599023,0.6671041119860018,28.999999999999996,35.5,0.07839506172839505,24.0,6.4,30.4,false,0,false,0.102,0.0,0.0,0.0,,16,3,6.25,6.25,12.0,0.937,360.5,4626.2,true,true,,,nomin
flat_plate,20.0,36.0,12.007874015748031,50.0,EFM (ASAP),8.0,12.08,0.662,99.05236411414946,8.0,297.7174708831182,222.86283693697933,0.9001200757433954,true,160.1998811869281,false,0,0,0,0.06150678367704501,true,0.04103142830599023,0.6671041119860018,28.999999999999996,35.5,0.07839506172839505,23.799999999999997,6.4,30.2,false,0,false,0.089,0.0,0.0,0.0,,16,3,6.25,6.25,12.0,0.937,360.5,4626.2,true,true,,,nomin
flat_plate,20.0,36.0,12.007874015748031,150.0,EFM (HC),11.5,12.06,0.954,142.38777341408982,11.5,577.4204536756143,434.8653280969078,0.9926792025833518,true,188.34763596258566,false,0,0,0,0.0621184645207141,true,0.041439483112024944,0.6671041119860018,28.999999999999996,36.0,0.062400000000000004,33.0,9.200000000000001,42.2,false,0,true,0.115,0.0,0.0,0.0,,16,3,8.5,8.5,17.0,0.992,769.7,7830.5,true,true,,,nomin
flat_plate,20.0,36.0,12.007874015748031,150.0,EFM (ASAP),11.5,12.06,0.954,142.38777341408982,11.5,577.4204536756143,434.8653280969078,0.9926792025833518,true,188.34763596258566,false,0,0,0,0.06211846452071412,true,0.04143948311202496,0.6671041119860018,28.999999999999996,36.0,0.062400000000000004,32.8,10.200000000000001,43.0,true,0,true,0.166,0.0,0.0,0.0,,16,3,8.5,8.5,17.0,0.992,769.7,7830.5,true,true,,,nomin
flat_plate,20.0,36.0,12.007874015748031,250.0,EFM (HC),16.0,12.05,1.328,198.1047282282989,16.0,875.4552787206071,661.7256738739586,0.9914331075293441,true,188.11120604948155,false,0,0,0,0.03844173979815311,true,0.025644642691243877,0.6671041119860018,28.999999999999996,36.0,0.06446280991735538,38.39999999999999,12.8,51.2,false,0,true,0.165,0.0,0.0,0.0,,16,3,10.5,10.5,21.0,0.986,1444.5,12817.0,true,true,,,nomin
flat_plate,20.0,36.0,12.007874015748031,250.0,EFM (ASAP),16.0,12.05,1.328,198.1047282282989,16.0,875.4552787206071,661.7256738739586,0.9914331075293441,true,188.11120604948155,false,0,0,0,0.03844173979815311,true,0.025644642691243877,0.6671041119860018,28.999999999999996,36.0,0.06446280991735538,37.8,12.8,50.599999999999994,false,0,true,0.327,0.0,0.0,0.0,,16,3,10.5,10.5,21.0,0.986,1444.5,12817.0,true,true,,,nomin
flat_plate,20.0,40.0,12.992125984251969,50.0,EFM (HC),9.0,13.5,0.666,111.43390962841812,9.0,349.478162726882,237.72069155410176,0.8546942819979737,true,160.73057781373552,false,0,0,0,0.043198180031065896,true,0.028817683529035645,0.6671041119860017,32.0,35.5,0.07800000000000001,25.199999999999996,7.999999999999999,33.199999999999996,false,0,false,0.108,0.0,0.0,0.0,,16,3,6.75,6.75,13.0,0.962,426.9,5631.1,true,true,,,nomin
flat_plate,20.0,40.0,12.992125984251969,50.0,EFM (ASAP),9.0,13.5,0.666,111.43390962841812,9.0,349.478162726882,237.72069155410176,0.8546942819979737,true,160.73057781373552,false,0,0,0,0.043198180031065875,true,0.02881768352903563,0.6671041119860017,32.0,35.5,0.07800000000000001,24.799999999999997,7.999999999999999,32.8,false,0,false,0.181,0.0,0.0,0.0,,16,3,6.75,6.75,13.0,0.962,426.9,5631.1,true,true,,,nomin
flat_plate,20.0,40.0,12.992125984251969,150.0,EFM (HC),13.0,13.49,0.964,160.96009168549287,13.0,668.8069312341589,457.15211002259133,0.9918668328476508,true,188.1934996425654,false,0,0,0,0.043001556544351865,true,0.02868651519253569,0.6671041119860017,32.0,36.0,0.06446280991735538,34.8,11.6,46.4,false,0,true,0.106,0.0,0.0,0.0,,16,3,9.25,9.25,18.0,0.987,969.8,10484.9,true,true,,,nomin
flat_plate,20.0,40.0,12.992125984251969,150.0,EFM (ASAP),13.0,13.49,0.964,160.96009168549287,13.0,668.8069312341589,457.15211002259133,0.9918668328476508,true,188.1934996425654,false,0,0,0,0.043001556544351886,true,0.028686515192535705,0.6671041119860017,32.0,36.0,0.06446280991735538,34.4,11.6,46.0,false,0,true,0.197,0.0,0.0,0.0,,16,3,9.25,9.25,18.0,0.987,969.8,10484.9,true,true,,,nomin
flat_plate,24.0,16.0,12.007874015748031,50.0,EFM (HC),5.999999999999999,7.88,0.761,74.2892730856121,5.999999999999999,108.71220466854462,193.14712770273448,0.7632925907071885,true,127.42048564467311,false,0,0,0,0.07464645509368188,true,0.0398375657105389,0.5336832895888015,20.0,30.0,0.07680555555555556,12.600000000000001,3.5999999999999996,16.2,true,0,false,0.117,0.0,0.0,0.0,,16,3,4.25,4.25,12.0,0.941,169.2,1915.0,true,true,,,nomin
flat_plate,24.0,16.0,12.007874015748031,50.0,EFM (ASAP),5.999999999999999,7.89,0.761,74.2892730856121,5.999999999999999,108.79492222564339,193.14712770273448,0.7632925907071885,true,128.07921621658116,false,0,0,0,0.07464645509368183,true,0.03983756571053887,0.5336832895888015,20.0,30.0,0.061224489795918366,12.400000000000002,3.5999999999999996,16.0,true,0,false,0.128,0.0,0.0,0.0,,16,3,4.25,4.25,12.0,0.941,169.2,1915.0,true,true,,,nomin
flat_plate,24.0,16.0,12.007874015748031,150.0,EFM (HC),7.5,7.73,0.97,92.86159135701512,7.5,198.72502844459504,375.43390962841806,0.8976725221965953,true,170.01774650855535,false,0,0,0,0.11465695502389539,true,0.061190500931387753,0.5336832895888015,20.0,35.5,0.078125,19.2,4.199999999999999,23.4,false,0,true,0.136,0.0,0.0,0.0,,16,3,5.75,5.75,12.0,0.995,312.8,3678.2,true,true,,,nomin
flat_plate,24.0,16.0,12.007874015748031,150.0,EFM (ASAP),7.5,7.74,0.97,92.86159135701512,7.5,198.88095138932766,375.43390962841806,0.8989436825687339,true,170.56257150819613,false,0,0,0,0.11465695502389528,true,0.0611905009313877,0.5336832895888015,20.0,35.5,0.078125,20.6,5.6,26.2,true,0,true,0.161,0.0,0.0,0.0,,16,3,5.75,5.75,12.0,0.995,312.8,3678.2,true,true,,,nomin
flat_plate,24.0,16.0,12.007874015748031,250.0,EFM (HC),9.0,7.72,1.166,111.43390962841812,9.0,293.70986282175676,557.7206915541018,0.9654290210525468,true,183.1772775451618,false,0,0,0,0.11058734087952876,true,0.059018615867465055,0.5336832895888015,20.0,36.0,0.07839506172839505,23.8,5.2,28.999999999999996,false,0,true,0.114,0.0,0.0,0.0,,16,3,7.0,7.0,14.0,0.998,477.7,5877.6,true,true,,,nomin
flat_plate,24.0,16.0,12.007874015748031,250.0,EFM (ASAP),9.0,7.72,1.165,111.43390962841812,9.0,293.82537085084294,557.7206915541018,0.9509301235568731,true,180.20311676807853,false,0,0,0,0.11058734087952876,true,0.059018615867465055,0.5336832895888015,20.0,36.0,0.07839506172839505,25.0,7.0,32.0,true,0,true,0.139,0.0,0.0,0.0,,16,3,7.0,7.0,14.0,0.998,477.7,5877.6,true,true,,,nomin
flat_plate,24.0,20.0,12.007874015748031,50.0,EFM (HC),6.5,7.87,0.826,80.48004584274643,6.5,187.65454182642404,200.5760550112957,0.8901348294620451,true,156.42626543447045,false,0,0,0,0.11467081745160508,true,0.07649737384676192,0.6671041119860017,20.0,32.5,0.06171875,18.2,3.9999999999999996,22.2,true,0,false,0.097,0.0,0.0,0.0,,16,3,4.75,4.75,12.0,0.974,213.2,2957.8,true,true,,,nomin
flat_plate,24.0,20.0,12.007874015748031,50.0,EFM (ASAP),6.5,7.79,0.835,80.48004584274643,6.5,182.81420510754253,200.5760550112957,0.8235826926798362,true,136.05973539598605,false,0,0,0,0.11467081745160504,true,0.07649737384676189,0.6671041119860017,20.0,35.5,0.06171875,17.8,3.8,21.6,true,0,false,0.105,0.0,0.0,0.0,,16,3,4.75,4.75,12.0,0.974,213.2,2957.8,true,true,,,nomin
flat_plate,24.0,20.0,12.007874015748031,150.0,EFM (HC),8.5,7.74,1.098,105.2431368712838,8.5,350.85541726327307,390.29176424554055,0.9655228214047664,true,178.47040991712598,false,0,0,0,0.15383581474120261,true,0.10262450458457305,0.6671041119860017,20.0,36.0,0.07703703703703704,26.2,5.6,31.8,false,0,true,0.112,0.0,0.0,0.0,,16,3,6.75,6.75,13.0,0.948,426.9,5631.1,true,true,,,nomin
flat_plate,24.0,20.0,12.007874015748031,150.0,EFM (ASAP),8.5,7.71,1.103,105.2431368712838,8.5,346.85412131759585,390.29176424554055,0.9289340800410928,true,168.4977239738016,false,0,0,0,0.15383581474120261,true,0.10262450458457305,0.6671041119860017,20.0,36.0,0.07703703703703704,28.4,7.6,35.99999999999999,true,0,true,0.146,0.0,0.0,0.0,,16,3,6.75,6.75,13.0,0.948,426.9,5631.1,true,true,,,nomin
flat_plate,24.0,20.0,12.007874015748031,250.0,EFM (HC),10.5,7.7,1.364,130.00622789982114,10.5,514.363715231052,580.0074734797854,0.9991170379859817,true,189.5691293470003,false,0,0,0,0.1360175931007322,true,0.09073789565993726,0.6671041119860017,20.0,36.0,0.07800000000000001,31.4,6.4,37.8,false,0,true,0.145,0.0,0.0,0.0,,16,3,8.0,8.0,16.0,0.993,669.8,7394.4,true,true,,,nomin
flat_plate,24.0,20.0,12.007874015748031,250.0,EFM (ASAP),10.5,7.72,1.36,130.00622789982114,10.5,517.9548995190233,580.0074734797854,0.9949858217893021,true,188.78528618571517,false,0,0,0,0.1360175931007322,true,0.09073789565993726,0.6671041119860017,20.0,36.0,0.07800000000000001,33.4,8.999999999999998,42.4,true,0,true,0.169,0.0,0.0,0.0,,16,3,8.0,8.0,16.0,0.993,669.8,7394.4,true,true,,,nomin
flat_plate,24.0,24.0,12.007874015748031,50.0,EFM (HC),8.0,7.87,1.016,99.05236411414946,8.0,314.0746771269235,222.86283693697933,0.8964527475930456,true,168.34557490340893,false,0,0,0,0.10628372219393363,true,0.08508276973530121,0.8005249343832022,20.0,35.0,0.06172839506172839,22.0,4.8,26.8,false,0,false,0.099,0.0,0.0,0.0,,16,3,5.5,5.5,12.0,0.969,279.2,3450.7,true,true,,,nomin
flat_plate,24.0,24.0,12.007874015748031,50.0,EFM (ASAP),8.0,7.83,1.021,99.05236411414946,8.0,310.91175237261854,222.86283693697933,0.8296682311532165,true,157.41847876363389,false,0,0,0,0.10628372219393374,true,0.0850827697353013,0.8005249343832022,20.0,36.0,0.06172839506172839,22.0,4.8,26.8,false,0,false,0.105,0.0,0.0,0.0,,16,3,5.5,5.5,12.0,0.969,279.2,3450.7,true,true,,,nomin
flat_plate,24.0,24.0,12.007874015748031,150.0,EFM (HC),10.5,7.76,1.354,130.00622789982114,10.5,574.6739809124525,420.0074734797854,0.9986134268732573,true,189.47357585672944,false,0,0,0,0.14102304052683923,true,0.11289246026426764,0.8005249343832022,20.0,36.0,0.07800000000000001,31.599999999999998,6.599999999999999,38.199999999999996,false,0,true,0.124,0.0,0.0,0.0,,16,3,7.5,7.5,15.0,0.982,579.5,6427.4,true,true,,,nomin
flat_plate,24.0,24.0,12.007874015748031,150.0,EFM (ASAP),10.5,7.76,1.353,130.00622789982114,10.5,574.9544106600184,420.0074734797854,0.9746279189419597,true,184.9226457027934,false,0,0,0,0.14102304052683923,true,0.11289246026426764,0.8005249343832022,20.0,35.5,0.07800000000000001,33.8,9.0,42.8,true,0,true,0.149,0.0,0.0,0.0,,16,3,7.5,7.5,15.0,0.982,579.5,6427.4,true,true,,,nomin
flat_plate,24.0,24.0,12.007874015748031,250.0,EFM (HC),14.0,7.75,1.806,173.34163719976155,14.0,863.9021116903849,632.0099646397139,0.997074009787885,true,189.1814920012042,false,0,0,0,0.09915682537043373,true,0.0793775111233131,0.8005249343832022,23.999999999999996,35.0,0.05416666666666667,36.6,7.799999999999999,44.4,false,0,true,0.194,0.0,0.0,0.0,,16,3,9.25,9.25,18.0,0.984,969.8,10484.9,true,true,,,nomin
flat_plate,24.0,24.0,12.007874015748031,250.0,EFM (ASAP),13.5,7.73,1.746,167.15086444262718,13.5,848.7535682006669,624.5810373311525,0.9965125111781508,true,189.0749551306175,false,0,0,0,0.11058734087952869,true,0.08852792380119752,0.8005249343832022,23.999999999999996,35.0,0.07839506172839505,38.0,10.399999999999999,48.400000000000006,true,0,true,0.271,0.0,0.0,0.0,,16,3,9.25,9.25,18.0,0.972,969.8,10484.9,true,true,,,nomin
flat_plate,24.0,28.0,12.007874015748031,50.0,EFM (HC),8.0,9.23,0.866,99.05236411414946,8.0,357.42030673342094,222.86283693697933,0.9120029314757121,true,169.67331316790415,false,0,0,0,0.10628372219393374,true,0.0850827697353013,0.8005249343832022,23.0,36.0,0.07839506172839505,26.000000000000004,5.4,31.400000000000002,false,0,false,0.109,0.0,0.0,0.0,,16,3,6.0,6.0,12.0,0.949,324.5,3754.1,true,true,,,nomin
flat_plate,24.0,28.0,12.007874015748031,50.0,EFM (ASAP),8.0,9.24,0.866,99.05236411414946,8.0,357.768159026695,222.86283693697933,0.9050088228383638,true,169.67331316790415,false,0,0,0,0.10628372219393367,true,0.08508276973530124,0.8005249343832022,23.0,36.0,0.07839506172839505,26.000000000000004,5.4,31.400000000000002,false,0,false,0.111,0.0,0.0,0.0,,16,3,6.0,6.0,12.0,0.949,324.5,3754.1,true,true,,,nomin
flat_plate,24.0,28.0,12.007874015748031,150.0,EFM (HC),11.5,9.2,1.249,142.38777341408982,11.5,692.0049952008666,434.8653280969078,0.9992638700396711,true,189.59698877039102,false,0,0,0,0.10734070669179394,true,0.08592891218109489,0.8005249343832022,23.0,36.0,0.07703703703703704,35.199999999999996,7.6,42.800000000000004,false,0,true,0.159,0.0,0.0,0.0,,16,3,8.25,8.25,16.0,0.979,723.2,7716.7,true,true,,,nomin
flat_plate,24.0,28.0,12.007874015748031,150.0,EFM (ASAP),11.0,9.17,1.199,136.1970006569555,11.0,674.713022299449,427.4364007883466,0.9898538247205477,true,187.81155820476087,false,0,0,0,0.1226534915776726,true,0.098187178297087,0.8005249343832022,23.0,35.5,0.07703703703703704,38.199999999999996,9.8,48.0,true,0,true,0.187,0.0,0.0,0.0,,16,3,8.25,8.25,16.0,0.991,699.8,7565.0,true,true,,,nomin
flat_plate,24.0,28.0,12.007874015748031,250.0,EFM (HC),15.0,9.14,1.641,185.72318271403023,15.0,1012.0949384417315,646.8678192568361,0.9986867115163096,true,189.48748064010292,false,0,0,0,0.08061817150117642,true,0.06453685645107299,0.8005249343832022,28.0,35.5,0.07800000000000001,41.599999999999994,9.200000000000001,50.8,false,0,true,0.194,0.0,0.0,0.0,,16,3,10.0,10.0,20.0,0.991,1257.3,12248.2,true,true,,,nomin
flat_plate,24.0,28.0,12.007874015748031,250.0,EFM (ASAP),15.0,9.14,1.641,185.72318271403023,15.0,1012.0949384417315,646.8678192568361,0.9944432632465088,true,188.68234294016264,false,0,0,0,0.08061817150117638,true,0.06453685645107296,0.8005249343832022,28.0,36.0,0.07800000000000001,41.599999999999994,11.799999999999999,53.4,false,0,true,0.268,0.0,0.0,0.0,,16,3,10.0,10.0,20.0,0.991,1257.3,12248.2,true,true,,,nomin
flat_plate,24.0,32.0,12.007874015748031,50.0,EFM (HC),8.0,10.6,0.754,99.05236411414946,8.0,399.64525228925584,222.86283693697933,0.9466730014015888,true,166.45811397454727,false,0,0,0,0.10628372219393367,true,0.08508276973530124,0.8005249343832022,26.0,35.5,0.078125,29.999999999999996,6.199999999999999,36.199999999999996,true,0,false,0.089,0.0,0.0,0.0,,16,3,6.25,6.25,12.0,0.999,360.5,4626.2,true,true,,,nomin
flat_plate,24.0,32.0,12.007874015748031,50.0,EFM (ASAP),8.0,10.6,0.755,99.05236411414946,8.0,399.3504397849217,222.86283693697933,0.9466730014015888,true,166.45811397454727,false,0,0,0,0.1062837221939337,true,0.08508276973530127,0.8005249343832022,26.0,35.5,0.078125,29.999999999999996,6.4,36.4,true,0,false,0.104,0.0,0.0,0.0,,16,3,6.25,6.25,12.0,0.999,360.5,4626.2,true,true,,,nomin
flat_plate,24.0,32.0,12.007874015748031,150.0,EFM (HC),12.5,10.6,1.179,154.7693189283585,12.5,806.2606452356578,449.72318271403014,0.9964911218906045,true,189.07089679864703,false,0,0,0,0.08358492021241971,true,0.06691181276847248,0.8005249343832022,26.0,36.0,0.062400000000000004,39.0,9.0,48.0,false,0,true,0.166,0.0,0.0,0.0,,16,3,9.0,9.0,18.0,0.973,905.0,9328.3,true,true,,,nomin
flat_plate,24.0,32.0,12.007874015748031,150.0,EFM (ASAP),12.5,10.61,1.179,154.7693189283585,12.5,806.8557046604366,449.72318271403014,0.9964911218906045,true,189.07089679864703,false,0,0,0,0.08358492021241971,true,0.06691181276847248,0.8005249343832022,26.0,35.5,0.07839506172839505,39.400000000000006,11.0,50.400000000000006,true,0,true,0.2,0.0,0.0,0.0,,16,3,9.0,9.0,18.0,0.973,905.0,9328.3,true,true,,,nomin
flat_plate,24.0,36.0,12.007874015748031,50.0,EFM (HC),8.5,12.06,0.705,105.2431368712838,8.5,464.9837706340161,230.29176424554055,0.9923583698127088,true,181.11538635360728,false,0,0,0,0.08860942929093278,true,0.07093405756885696,0.8005249343832022,28.999999999999996,35.5,0.07800000000000001,33.0,7.199999999999999,40.2,false,0,false,0.088,0.0,0.0,0.0,,16,3,6.75,6.75,13.0,0.996,446.4,5782.8,true,true,,,nomin
flat_plate,24.0,36.0,12.007874015748031,50.0,EFM (ASAP),8.5,12.07,0.704,105.2431368712838,8.5,465.4411477804402,230.29176424554055,0.9923583698127088,true,181.11538635360728,false,0,0,0,0.08860942929093278,true,0.07093405756885696,0.8005249343832022,28.999999999999996,35.5,0.07800000000000001,32.8,7.199999999999999,40.0,true,0,false,0.094,0.0,0.0,0.0,,16,3,6.75,6.75,13.0,0.996,446.4,5782.8,true,true,,,nomin
flat_plate,24.0,36.0,12.007874015748031,150.0,EFM (HC),14.499999999999998,12.05,1.203,179.5324099568959,14.499999999999998,965.4223990039503,479.438891948275,0.9890417091885855,true,187.65747011650888,false,0,0,0,0.053549320526428155,true,0.04286756630068396,0.8005249343832022,28.999999999999996,35.5,0.07800000000000001,41.2,11.6,52.800000000000004,false,0,true,0.141,0.0,0.0,0.0,,16,3,9.75,9.75,20.0,0.994,1191.1,11205.4,true,true,,,nomin
flat_plate,24.0,36.0,12.007874015748031,150.0,EFM (ASAP),14.499999999999998,12.06,1.203,179.5324099568959,14.499999999999998,966.6111162256393,479.438891948275,0.9890417091885855,true,187.65747011650888,false,0,0,0,0.05354932052642819,true,0.04286756630068399,0.8005249343832022,28.999999999999996,35.5,0.07800000000000001,40.8,12.400000000000002,53.199999999999996,false,0,true,0.198,0.0,0.0,0.0,,16,3,9.75,9.75,20.0,0.994,1191.1,11205.4,true,true,,,nomin
flat_plate,24.0,40.0,12.992125984251969,50.0,EFM (HC),9.5,13.48,0.704,117.62468238555248,9.5,545.5782798244445,245.14961886266295,0.9531093729766867,true,180.83978867167608,false,0,0,0,0.06346962036832679,true,0.05080901368068155,0.8005249343832022,32.0,36.0,0.07703703703703704,34.8,8.4,43.2,false,0,false,0.089,0.0,0.0,0.0,,16,3,7.5,7.5,15.0,0.974,558.0,6275.8,true,true,,,nomin
flat_plate,24.0,40.0,12.992125984251969,50.0,EFM (ASAP),9.5,13.48,0.704,117.62468238555248,9.5,545.5782798244445,245.14961886266295,0.9531093729766867,true,180.83978867167608,false,0,0,0,0.06346962036832675,true,0.050809013680681525,0.8005249343832022,32.0,36.0,0.07703703703703704,34.199999999999996,8.4,42.599999999999994,false,0,false,0.098,0.0,0.0,0.0,,16,3,7.5,7.5,15.0,0.974,558.0,6275.8,true,true,,,nomin
flat_plate,24.0,44.0,14.993438320209975,50.0,EFM (HC),10.0,14.83,0.674,123.8154551426868,10.0,601.3904580530034,252.57854617122416,0.9379038049843469,true,176.5585138200637,false,0,0,0,0.054417265763294094,true,0.043562378104474275,0.8005249343832022,36.0,39.49999999999999,0.0635,37.2,9.6,46.8,false,0,false,0.101,0.0,0.0,0.0,,16,3,8.0,8.0,16.0,0.951,669.8,7394.4,true,true,,,nomin
flat_plate,24.0,44.0,14.993438320209975,50.0,EFM (ASAP),10.0,14.83,0.674,123.8154551426868,10.0,601.3904580530034,252.57854617122416,0.9379038049843469,true,176.5585138200637,false,0,0,0,0.054417265763294094,true,0.043562378104474275,0.8005249343832022,36.0,39.49999999999999,0.062400000000000004,36.800000000000004,9.6,46.4,false,0,false,0.109,0.0,0.0,0.0,,16,3,8.0,8.0,16.0,0.951,669.8,7394.4,true,true,,,nomin
flat_plate,24.0,48.0,16.010498687664043,50.0,EFM (HC),11.0,16.21,0.679,136.1970006569555,11.0,680.1680959180828,267.43640078834665,0.9015122960642293,true,171.04993165266086,false,0,0,0,0.04088449719255752,true,0.03272905943236232,0.8005249343832022,39.0,42.0,0.06446280991735538,39.199999999999996,11.6,50.8,false,0,false,0.097,0.0,0.0,0.0,,16,3,8.5,8.5,17.0,0.976,769.7,7830.5,true,true,,,nomin
flat_plate,24.0,48.0,16.010498687664043,50.0,EFM (ASAP),11.0,16.21,0.679,136.1970006569555,11.0,680.1680959180828,267.43640078834665,0.9015122960642293,true,171.04993165266086,false,0,0,0,0.04088449719255748,true,0.03272905943236229,0.8005249343832022,39.0,42.0,0.06446280991735538,38.8,11.6,50.39999999999999,false,0,false,0.131,0.0,0.0,0.0,,16,3,8.5,8.5,17.0,0.976,769.7,7830.5,true,true,,,nomin
flat_plate,28.0,16.0,12.007874015748031,50.0,EFM (HC),6.5,9.18,0.708,80.48004584274643,6.5,123.08887675912419,200.5760550112957,0.7199312147128322,true,117.23992158146302,false,0,0,0,0.05871145853522181,true,0.031333324327633694,0.5336832895888015,23.0,36.0,0.06171875,13.8,3.9999999999999996,17.8,false,0,false,0.104,0.0,0.0,0.0,,16,3,4.75,4.75,12.0,0.97,199.8,2844.0,true,true,,,nomin
flat_plate,28.0,16.0,12.007874015748031,50.0,EFM (ASAP),6.5,9.18,0.708,80.48004584274643,6.5,123.18570123078851,200.5760550112957,0.7199312147128322,true,117.85891054065353,false,0,0,0,0.05871145853522183,true,0.03133332432763371,0.5336832895888015,23.0,36.0,0.0546875,13.8,3.9999999999999996,17.8,false,0,false,0.106,0.0,0.0,0.0,,16,3,4.75,4.75,12.0,0.97,199.8,2844.0,true,true,,,nomin
flat_plate,28.0,16.0,12.007874015748031,150.0,EFM (HC),8.5,9.18,0.926,105.2431368712838,8.5,240.07845213693713,390.29176424554055,0.8602310676436814,true,155.0951779058894,false,0,0,0,0.07876393714749576,true,0.04203499707784114,0.5336832895888015,23.0,36.0,0.07839506172839505,20.4,5.199999999999999,25.6,false,0,true,0.097,0.0,0.0,0.0,,16,3,6.5,6.5,12.0,0.985,373.2,4721.0,true,true,,,nomin
flat_plate,28.0,16.0,12.007874015748031,150.0,EFM (ASAP),8.5,9.18,0.926,105.2431368712838,8.5,240.07845213693713,390.29176424554055,0.8602310676436814,true,155.0951779058894,false,0,0,0,0.07876393714749576,true,0.04203499707784114,0.5336832895888015,23.0,36.0,0.07839506172839505,21.200000000000003,6.4,27.6,true,0,true,0.156,0.0,0.0,0.0,,16,3,6.5,6.5,12.0,0.985,373.2,4721.0,true,true,,,nomin
flat_plate,28.0,16.0,12.007874015748031,250.0,EFM (HC),10.0,9.19,1.088,123.8154551426868,10.0,353.8697144571179,572.5785461712242,0.9969458246399916,true,189.15717057943127,false,0,0,0,0.08061817150117644,true,0.043024570967382006,0.5336832895888015,23.0,36.0,0.07800000000000001,25.8,6.4,32.2,false,0,true,0.126,0.0,0.0,0.0,,16,3,7.75,7.75,15.0,0.974,606.3,7129.0,true,true,,,nomin
flat_plate,28.0,16.0,12.007874015748031,250.0,EFM (ASAP),10.0,9.2,1.088,123.8154551426868,10.0,354.14709444283534,572.5785461712242,0.9969458246399916,true,189.15717057943127,false,0,0,0,0.08061817150117644,true,0.043024570967382006,0.5336832895888015,23.0,36.0,0.07800000000000001,26.199999999999996,8.0,34.199999999999996,true,0,true,0.149,0.0,0.0,0.0,,16,3,7.75,7.75,15.0,0.974,606.3,7129.0,true,true,,,nomin
flat_plate,28.0,20.0,12.007874015748031,50.0,EFM (HC),6.5,9.16,0.709,80.48004584274643,6.5,207.84395408125562,200.5760550112957,0.8999142777769373,true,142.10444950069427,false,0,0,0,0.11467081745160504,true,0.07649737384676189,0.6671041119860017,23.0,36.0,0.078125,21.400000000000002,4.6000000000000005,26.000000000000004,true,0,false,0.093,0.0,0.0,0.0,,16,3,5.25,5.25,12.0,0.929,253.0,3261.1,true,true,,,nomin
flat_plate,28.0,20.0,12.007874015748031,50.0,EFM (ASAP),6.5,9.16,0.709,80.48004584274643,6.5,207.84395408125562,200.5760550112957,0.8999142777769373,true,142.10444950069427,false,0,0,0,0.114670817451605,true,0.07649737384676186,0.6671041119860017,23.0,36.0,0.078125,21.2,4.6000000000000005,25.8,true,0,false,0.102,0.0,0.0,0.0,,16,3,5.25,5.25,12.0,0.929,253.0,3261.1,true,true,,,nomin
flat_plate,28.0,20.0,12.007874015748031,150.0,EFM (HC),9.0,9.18,0.98,111.43390962841812,9.0,414.50519460956883,397.72069155410173,0.9941533993491786,true,187.56570666077192,false,0,0,0,0.12959454009319765,true,0.08645305058710692,0.6671041119860017,23.0,35.5,0.07800000000000001,29.599999999999998,6.4,35.99999999999999,false,0,true,0.126,0.0,0.0,0.0,,16,3,7.25,7.25,14.0,0.966,522.0,6181.0,true,true,,,nomin
flat_plate,28.0,20.0,12.007874015748031,150.0,EFM (ASAP),9.0,9.18,0.98,111.43390962841812,9.0,414.88050831426193,397.72069155410173,0.9968392128108805,true,189.1369424071008,false,0,0,0,0.12959454009319762,true,0.0864530505871069,0.6671041119860017,23.0,35.5,0.07800000000000001,32.0,8.2,40.2,true,0,true,0.147,0.0,0.0,0.0,,16,3,7.25,7.25,14.0,0.966,522.0,6181.0,true,true,,,nomin
flat_plate,28.0,20.0,12.007874015748031,250.0,EFM (HC),12.5,9.18,1.362,154.7693189283585,12.5,634.4961834000256,609.7231827140303,0.9975131941940107,true,189.26482138337533,false,0,0,0,0.08061817150117638,true,0.05378071370922746,0.6671041119860017,23.999999999999996,35.5,0.07703703703703704,33.6,7.6,41.199999999999996,false,0,true,0.17,0.0,0.0,0.0,,16,3,9.0,9.0,18.0,0.997,879.5,9138.7,true,true,,,nomin
flat_plate,28.0,20.0,12.007874015748031,250.0,EFM (ASAP),12.5,9.18,1.362,154.7693189283585,12.5,634.6878005862218,609.7231827140303,0.9971129718124156,true,189.18888452559028,false,0,0,0,0.08061817150117638,true,0.05378071370922746,0.6671041119860017,23.999999999999996,36.0,0.07839506172839505,33.199999999999996,9.799999999999999,43.0,true,0,true,0.214,0.0,0.0,0.0,,16,3,9.0,9.0,18.0,0.997,879.5,9138.7,true,true,,,nomin
flat_plate,28.0,24.0,12.007874015748031,50.0,EFM (HC),8.0,9.23,0.866,99.05236411414946,8.0,357.42030673342094,222.86283693697933,0.912003286243501,true,169.6733026153074,false,0,0,0,0.10628372219393374,true,0.0850827697353013,0.8005249343832022,23.0,36.0,0.07839506172839505,26.000000000000004,5.4,31.400000000000002,false,0,false,0.113,0.0,0.0,0.0,,16,3,6.0,6.0,12.0,0.949,324.5,3754.1,true,true,,,nomin
flat_plate,28.0,24.0,12.007874015748031,50.0,EFM (ASAP),8.0,9.24,0.866,99.05236411414946,8.0,357.768159026695,222.86283693697933,0.9050091833265987,true,169.6733026153074,false,0,0,0,0.10628372219393367,true,0.08508276973530124,0.8005249343832022,23.0,36.0,0.07839506172839505,26.000000000000004,5.4,31.400000000000002,false,0,false,0.111,0.0,0.0,0.0,,16,3,6.0,6.0,12.0,0.949,324.5,3754.1,true,true,,,nomin
flat_plate,28.0,24.0,12.007874015748031,150.0,EFM (HC),11.5,9.2,1.249,142.38777341408982,11.5,692.0049952008666,434.8653280969078,0.999263807891838,true,189.59697697866878,false,0,0,0,0.10734070669179394,true,0.08592891218109489,0.8005249343832022,23.0,36.0,0.07703703703703704,35.199999999999996,7.6,42.800000000000004,false,0,true,0.168,0.0,0.0,0.0,,16,3,8.25,8.25,16.0,0.979,723.2,7716.7,true,true,,,nomin
flat_plate,28.0,24.0,12.007874015748031,150.0,EFM (ASAP),11.0,9.17,1.199,136.1970006569555,11.0,674.713022299449,427.4364007883466,0.9898533135402965,true,187.81146121512754,false,0,0,0,0.1226534915776726,true,0.098187178297087,0.8005249343832022,23.0,35.5,0.07703703703703704,38.199999999999996,9.8,48.0,true,0,true,0.178,0.0,0.0,0.0,,16,3,8.25,8.25,16.0,0.991,699.8,7565.0,true,true,,,nomin
flat_plate,28.0,24.0,12.007874015748031,250.0,EFM (HC),15.0,9.14,1.641,185.72318271403023,15.0,1012.0949384417315,646.8678192568361,0.9986861427016794,true,189.48737271511504,false,0,0,0,0.08061817150117642,true,0.06453685645107299,0.8005249343832022,28.0,35.5,0.07800000000000001,41.599999999999994,9.200000000000001,50.8,false,0,true,0.208,0.0,0.0,0.0,,16,3,10.0,10.0,20.0,0.991,1257.3,12248.2,true,true,,,nomin
flat_plate,28.0,24.0,12.007874015748031,250.0,EFM (ASAP),15.0,9.14,1.641,185.72318271403023,15.0,1012.0949384417315,646.8678192568361,0.994442669075949,true,188.6822302042254,false,0,0,0,0.08061817150117638,true,0.06453685645107296,0.8005249343832022,28.0,36.0,0.07800000000000001,41.599999999999994,11.799999999999999,53.4,false,0,true,0.245,0.0,0.0,0.0,,16,3,10.0,10.0,20.0,0.991,1257.3,12248.2,true,true,,,nomin
flat_plate,28.0,28.0,12.007874015748031,50.0,EFM (HC),9.5,9.28,1.024,117.62468238555248,9.5,557.9220885089123,245.14961886266295,0.9874672186946224,true,187.35873154959646,false,0,0,0,0.10043376671877494,true,0.09368985456158685,0.9328521434820647,23.0,35.0,0.078125,31.8,6.599999999999999,38.4,false,0,false,0.118,0.0,0.0,0.0,,16,3,6.75,6.75,13.0,0.97,426.9,5631.1,true,true,,,nomin
flat_plate,28.0,28.0,12.007874015748031,50.0,EFM (ASAP),9.0,9.26,0.972,111.43390962841812,9.0,538.5873227587109,237.72069155410176,0.9958646817052392,true,188.91374038836824,false,0,0,0,0.11811989127641928,true,0.11018839376507616,0.9328521434820647,23.0,36.0,0.078125,32.599999999999994,6.8,39.4,false,0,false,0.124,0.0,0.0,0.0,,16,3,6.75,6.75,13.0,0.941,426.9,5631.1,true,true,,,nomin
flat_plate,28.0,28.0,12.007874015748031,150.0,EFM (HC),14.499999999999998,9.17,1.581,179.5324099568959,14.499999999999998,1065.8757622488874,479.438891948275,0.9994852323272719,true,189.63898931140406,false,0,0,0,0.08473597186322653,true,0.07904613298264679,0.9328521434820647,28.0,35.5,0.062400000000000004,41.4,9.0,50.400000000000006,false,0,true,0.201,0.0,0.0,0.0,,16,3,9.5,9.5,19.0,0.949,1056.7,10807.2,true,true,,,nomin
flat_plate,28.0,28.0,12.007874015748031,150.0,EFM (ASAP),14.0,9.15,1.53,173.34163719976155,14.0,1043.7307470866717,472.00996463971376,0.9928216645148612,true,188.37466621359184,false,0,0,0,0.09414293083874954,true,0.08782143482661128,0.9328521434820647,28.0,35.5,0.062400000000000004,42.6,11.4,54.0,true,0,true,0.232,0.0,0.0,0.0,,16,3,9.25,9.25,18.0,0.998,969.8,10484.9,true,true,,,nomin
flat_plate,28.0,32.0,12.007874015748031,50.0,EFM (HC),9.5,10.66,0.891,117.62468238555248,9.5,627.3436013761875,245.14961886266295,0.9918120151208043,true,188.18309871018613,false,0,0,0,0.10043376671877488,true,0.0936898545615868,0.9328521434820647,26.0,36.0,0.07800000000000001,36.599999999999994,7.799999999999999,44.39999999999999,false,0,false,0.112,0.0,0.0,0.0,,16,3,7.25,7.25,14.0,0.952,522.0,6181.0,true,true,,,nomin
flat_plate,28.0,32.0,12.007874015748031,50.0,EFM (ASAP),9.5,10.66,0.891,117.62468238555248,9.5,627.8603345526603,245.14961886266295,0.9895639486326533,true,187.75655808414294,false,0,0,0,0.10043376671877488,true,0.0936898545615868,0.9328521434820647,26.0,35.0,0.07800000000000001,36.599999999999994,7.6,44.19999999999999,false,0,false,0.125,0.0,0.0,0.0,,16,3,7.25,7.25,14.0,0.952,522.0,6181.0,true,true,,,nomin
flat_plate,28.0,32.0,12.007874015748031,150.0,EFM (HC),15.0,10.58,1.418,185.72318271403023,15.0,1223.4358709286373,486.8678192568362,0.996804773509819,true,189.1304080091581,false,0,0,0,0.07654168954711967,true,0.07140207915976933,0.9328521434820647,32.0,36.0,0.07800000000000001,46.8,10.399999999999999,57.19999999999999,false,0,false,0.216,0.0,0.0,0.0,,16,3,10.0,10.0,20.0,0.994,1257.3,12248.2,true,true,,,nomin
flat_plate,28.0,32.0,12.007874015748031,150.0,EFM (ASAP),15.0,10.58,1.418,185.72318271403023,15.0,1224.4528100512543,486.8678192568362,0.998326765380234,true,189.41918566260438,false,0,0,0,0.0765416895471197,true,0.07140207915976936,0.9328521434820647,32.0,36.0,0.07800000000000001,46.8,10.399999999999999,57.19999999999999,false,0,false,1.017,0.0,0.0,0.0,,16,3,10.0,10.0,20.0,0.994,1257.3,12248.2,true,true,,,nomin
flat_plate,28.0,36.0,12.007874015748031,50.0,EFM (HC),10.0,12.06,0.829,123.8154551426868,10.0,718.8713276237943,252.57854617122416,0.9948761402618077,true,188.76447557906744,false,0,0,0,0.08610940074050968,true,0.08032733905474054,0.9328521434820647,28.999999999999996,35.0,0.07703703703703704,40.599999999999994,8.399999999999999,48.99999999999999,false,0,false,0.142,0.0,0.0,0.0,,16,3,7.75,7.75,15.0,0.966,606.3,7129.0,true,true,,,nomin
flat_plate,28.0,36.0,12.007874015748031,50.0,EFM (ASAP),9.5,12.04,0.789,117.62468238555248,9.5,694.8410249974679,245.14961886266295,0.9995014336390426,true,189.64206329418073,false,0,0,0,0.10043376671877481,true,0.09368985456158674,0.9328521434820647,28.999999999999996,36.0,0.07703703703703704,41.2,8.799999999999999,50.0,true,0,false,0.103,0.0,0.0,0.0,,16,3,7.75,7.75,15.0,0.937,606.3,7129.0,true,true,,,nomin
flat_plate,28.0,40.0,12.992125984251969,50.0,EFM (HC),11.5,13.5,0.852,142.38777341408982,11.5,866.606090566468,274.8653280969078,0.9993041958451586,true,189.6046400540203,false,0,0,0,0.056618328751876223,true,0.05281652933655995,0.9328521434820647,32.0,35.5,0.062400000000000004,42.6,10.0,52.6,false,0,false,0.096,0.0,0.0,0.0,,16,3,8.5,8.5,17.0,0.974,769.7,7830.5,true,true,,,nomin
flat_plate,28.0,40.0,12.992125984251969,50.0,EFM (ASAP),11.5,13.5,0.852,142.38777341408982,11.5,866.785829232903,274.8653280969078,0.9993041958451586,true,189.6046400540203,false,0,0,0,0.056618328751876223,true,0.05281652933655995,0.9328521434820647,32.0,35.0,0.062400000000000004,42.4,10.0,52.4,false,0,false,0.117,0.0,0.0,0.0,,16,3,8.5,8.5,17.0,0.974,769.7,7830.5,true,true,,,nomin
flat_plate,28.0,44.0,14.993438320209975,50.0,EFM (HC),11.5,14.83,0.775,142.38777341408982,11.5,927.8078256641517,274.8653280969078,0.9995207082290424,true,189.64572039050265,false,0,0,0,0.05661832875187613,true,0.052816529336559864,0.9328521434820647,36.0,40.0,0.07800000000000001,47.00000000000001,11.200000000000001,58.20000000000001,false,0,false,0.092,0.0,0.0,0.0,,16,3,9.0,9.0,18.0,0.988,879.5,9138.7,true,true,,,nomin
flat_plate,28.0,44.0,14.993438320209975,50.0,EFM (ASAP),11.5,14.83,0.775,142.38777341408982,11.5,928.0028875892821,274.8653280969078,0.9995207082290424,true,189.64572039050265,false,0,0,0,0.05661832875187616,true,0.05281652933655989,0.9328521434820647,36.0,40.0,0.07800000000000001,46.6,11.200000000000001,57.800000000000004,false,0,false,0.1,0.0,0.0,0.0,,16,3,9.0,9.0,18.0,0.988,879.5,9138.7,true,true,,,nomin
flat_plate,28.0,48.0,16.010498687664043,50.0,EFM (HC),11.5,16.18,0.711,142.38777341408982,11.5,988.7342353292128,274.8653280969078,0.9997011662415338,true,189.67995989099265,false,0,0,0,0.05661832875187613,true,0.052816529336559864,0.9328521434820647,39.0,43.00000000000001,0.05416666666666667,51.4,11.999999999999998,63.4,false,0,false,0.09,0.0,0.0,0.0,,16,3,9.25,9.25,18.0,0.996,969.8,10484.9,true,true,,,nomin
flat_plate,32.0,16.0,12.007874015748031,50.0,EFM (HC),7.5,10.67,0.703,92.86159135701512,7.5,153.86148025939949,215.43390962841812,0.711828653285902,true,124.87782519826958,false,0,0,0,0.03821898500796515,true,0.02039683364379593,0.5336832895888015,26.0,35.0,0.078125,14.6,5.199999999999999,19.8,false,0,false,0.108,0.0,0.0,0.0,,16,3,5.25,5.25,12.0,0.913,253.0,3261.1,true,true,,,nomin
flat_plate,32.0,16.0,12.007874015748031,50.0,EFM (ASAP),7.5,10.67,0.703,92.86159135701512,7.5,153.86148025939949,215.43390962841812,0.711828653285902,true,124.87782519826958,false,0,0,0,0.03821898500796515,true,0.02039683364379593,0.5336832895888015,26.0,35.0,0.078125,14.4,5.199999999999999,19.6,false,0,false,0.126,0.0,0.0,0.0,,16,3,5.25,5.25,12.0,0.913,253.0,3261.1,true,true,,,nomin
flat_plate,32.0,16.0,12.007874015748031,150.0,EFM (HC),9.5,10.62,0.894,117.62468238555248,9.5,283.07483857457055,405.1496188626629,0.839916194590579,true,159.3628931140455,false,0,0,0,0.056417440327401494,true,0.03010904514410754,0.5336832895888015,26.0,36.0,0.07800000000000001,21.799999999999997,6.8,28.6,false,0,true,0.126,0.0,0.0,0.0,,16,3,7.0,7.0,14.0,0.966,477.7,5877.6,true,true,,,nomin
flat_plate,32.0,16.0,12.007874015748031,150.0,EFM (ASAP),9.5,10.62,0.894,117.62468238555248,9.5,283.07483857457055,405.1496188626629,0.839916194590579,true,159.3628931140455,false,0,0,0,0.056417440327401494,true,0.03010904514410754,0.5336832895888015,26.0,36.0,0.07800000000000001,21.799999999999997,7.199999999999999,28.999999999999996,true,0,true,0.143,0.0,0.0,0.0,,16,3,7.0,7.0,14.0,0.966,477.7,5877.6,true,true,,,nomin
flat_plate,32.0,16.0,12.007874015748031,250.0,EFM (HC),11.5,10.65,1.08,142.38777341408982,11.5,420.88457239495773,594.8653280969078,0.9896178377796949,true,187.76678283089186,false,0,0,0,0.05300775639100946,true,0.028289353804475743,0.5336832895888015,26.0,35.0,0.07839506172839505,27.0,7.999999999999999,35.0,false,0,true,0.121,0.0,0.0,0.0,,16,3,8.5,8.5,17.0,0.965,769.7,7830.5,true,true,,,nomin
flat_plate,32.0,16.0,12.007874015748031,250.0,EFM (ASAP),11.5,10.65,1.08,142.38777341408982,11.5,420.88457239495773,594.8653280969078,0.9896178377796949,true,187.76678283089186,false,0,0,0,0.05300775639100943,true,0.02828935380447573,0.5336832895888015,26.0,35.0,0.07839506172839505,26.8,8.799999999999999,35.6,false,0,true,0.18,0.0,0.0,0.0,,16,3,8.5,8.5,17.0,0.965,769.7,7830.5,true,true,,,nomin
flat_plate,32.0,20.0,12.007874015748031,50.0,EFM (HC),7.5,10.61,0.707,92.86159135701512,7.5,254.32033414413542,215.43390962841812,0.8514813870006687,true,151.79723190552795,false,0,0,0,0.07464645509368178,true,0.049796957138173545,0.6671041119860017,26.0,36.0,0.07839506172839505,22.199999999999996,5.199999999999999,27.399999999999995,false,0,false,0.115,0.0,0.0,0.0,,16,3,5.75,5.75,12.0,0.983,296.2,3564.5,true,true,,,nomin
flat_plate,32.0,20.0,12.007874015748031,50.0,EFM (ASAP),7.5,10.61,0.707,92.86159135701512,7.5,254.474536848734,215.43390962841812,0.8514813870006687,true,152.24964194242668,false,0,0,0,0.07464645509368181,true,0.04979695713817356,0.6671041119860017,26.0,36.0,0.07703703703703704,22.199999999999996,5.199999999999999,27.399999999999995,false,0,false,0.115,0.0,0.0,0.0,,16,3,5.75,5.75,12.0,0.983,296.2,3564.5,true,true,,,nomin
flat_plate,32.0,20.0,12.007874015748031,150.0,EFM (HC),10.5,10.65,0.986,130.00622789982114,10.5,502.9089356452304,420.0074734797854,0.9939308907422443,true,188.58512709272742,false,0,0,0,0.08161055586043933,true,0.054442737395962365,0.6671041119860017,26.0,34.5,0.06446280991735538,30.999999999999993,7.6,38.599999999999994,false,0,true,0.121,0.0,0.0,0.0,,16,3,8.0,8.0,16.0,0.958,669.8,7394.4,true,true,,,nomin
flat_plate,32.0,20.0,12.007874015748031,150.0,EFM (ASAP),10.5,10.65,0.986,130.00622789982114,10.5,502.75758331555727,420.0074734797854,0.9939308907422443,true,188.58512709272742,false,0,0,0,0.08161055586043929,true,0.05444273739596234,0.6671041119860017,26.0,34.5,0.06446280991735538,31.599999999999998,9.200000000000001,40.8,true,0,true,0.154,0.0,0.0,0.0,,16,3,8.0,8.0,16.0,0.958,669.8,7394.4,true,true,,,nomin
flat_plate,32.0,20.0,12.007874015748031,250.0,EFM (HC),14.0,10.61,1.319,173.34163719976155,14.0,747.2207377365702,632.0099646397139,0.9979664262299797,true,189.35081611590837,false,0,0,0,0.05738242208937142,true,0.03828004973153605,0.6671041119860017,26.0,36.0,0.062400000000000004,36.199999999999996,10.0,46.199999999999996,false,0,true,0.174,0.0,0.0,0.0,,16,3,9.75,9.75,19.0,0.991,1126.7,11205.4,true,true,,,nomin
flat_plate,32.0,20.0,12.007874015748031,250.0,EFM (ASAP),14.0,10.61,1.319,173.34163719976155,14.0,747.4470811755318,632.0099646397139,0.9979664262299797,true,189.35081611590837,false,0,0,0,0.05738242208937138,true,0.03828004973153602,0.6671041119860017,26.0,36.0,0.062400000000000004,35.800000000000004,11.2,47.00000000000001,false,0,true,0.245,0.0,0.0,0.0,,16,3,9.75,9.75,19.0,0.991,1126.7,11205.4,true,true,,,nomin
flat_plate,32.0,24.0,12.007874015748031,50.0,EFM (HC),8.0,10.6,0.754,99.05236411414946,8.0,399.64525228925584,222.86283693697933,0.9466726559308025,true,166.45805322874017,false,0,0,0,0.10628372219393367,true,0.08508276973530124,0.8005249343832022,26.0,35.5,0.078125,29.999999999999996,6.199999999999999,36.199999999999996,true,0,false,0.098,0.0,0.0,0.0,,16,3,6.25,6.25,12.0,0.999,360.5,4626.2,true,true,,,nomin
flat_plate,32.0,24.0,12.007874015748031,50.0,EFM (ASAP),8.0,10.6,0.755,99.05236411414946,8.0,399.3504397849217,222.86283693697933,0.9466726559308025,true,166.45805322874017,false,0,0,0,0.1062837221939337,true,0.08508276973530127,0.8005249343832022,26.0,35.5,0.078125,29.999999999999996,6.4,36.4,true,0,false,0.087,0.0,0.0,0.0,,16,3,6.25,6.25,12.0,0.999,360.5,4626.2,true,true,,,nomin
flat_plate,32.0,24.0,12.007874015748031,150.0,EFM (HC),12.5,10.6,1.179,154.7693189283585,12.5,806.2606452356578,449.72318271403014,0.9964907582396169,true,189.07082780072338,false,0,0,0,0.08358492021241971,true,0.06691181276847248,0.8005249343832022,26.0,36.0,0.062400000000000004,39.0,9.0,48.0,false,0,true,0.163,0.0,0.0,0.0,,16,3,9.0,9.0,18.0,0.973,905.0,9328.3,true,true,,,nomin
flat_plate,32.0,24.0,12.007874015748031,150.0,EFM (ASAP),12.5,10.61,1.179,154.7693189283585,12.5,806.8557046604366,449.72318271403014,0.9964907582396169,true,189.07082780072338,false,0,0,0,0.08358492021241971,true,0.06691181276847248,0.8005249343832022,26.0,35.5,0.07839506172839505,39.400000000000006,11.0,50.400000000000006,true,0,true,0.202,0.0,0.0,0.0,,16,3,9.0,9.0,18.0,0.973,905.0,9328.3,true,true,,,nomin
flat_plate,32.0,28.0,12.007874015748031,50.0,EFM (HC),9.5,10.66,0.891,117.62468238555248,9.5,627.3436013761875,245.14961886266295,0.9918123308037352,true,188.18315860681093,false,0,0,0,0.10043376671877488,true,0.0936898545615868,0.9328521434820647,26.0,36.0,0.07800000000000001,36.599999999999994,7.799999999999999,44.39999999999999,false,0,false,0.109,0.0,0.0,0.0,,16,3,7.25,7.25,14.0,0.952,522.0,6181.0,true,true,,,nomin
flat_plate,32.0,28.0,12.007874015748031,50.0,EFM (ASAP),9.5,10.66,0.891,117.62468238555248,9.5,627.8603345526603,245.14961886266295,0.989564273084293,true,187.75661964451325,false,0,0,0,0.10043376671877488,true,0.0936898545615868,0.9328521434820647,26.0,35.0,0.07800000000000001,36.599999999999994,7.6,44.19999999999999,false,0,false,0.119,0.0,0.0,0.0,,16,3,7.25,7.25,14.0,0.952,522.0,6181.0,true,true,,,nomin
flat_plate,32.0,28.0,12.007874015748031,150.0,EFM (HC),15.0,10.58,1.418,185.72318271403023,15.0,1223.4358709286373,486.8678192568362,0.9968051448915654,true,189.1304784738901,false,0,0,0,0.07654168954711967,true,0.07140207915976933,0.9328521434820647,32.0,36.0,0.07800000000000001,46.8,10.399999999999999,57.19999999999999,false,0,false,0.2,0.0,0.0,0.0,,16,3,10.0,10.0,20.0,0.994,1257.3,12248.2,true,true,,,nomin
flat_plate,32.0,28.0,12.007874015748031,150.0,EFM (ASAP),15.0,10.58,1.418,185.72318271403023,15.0,1224.4528100512543,486.8678192568362,0.998326340181328,true,189.41910498678428,false,0,0,0,0.0765416895471197,true,0.07140207915976936,0.9328521434820647,32.0,36.0,0.07800000000000001,46.8,10.399999999999999,57.19999999999999,false,0,false,0.272,0.0,0.0,0.0,,16,3,10.0,10.0,20.0,0.994,1257.3,12248.2,true,true,,,nomin
flat_plate,32.0,32.0,12.007874015748031,50.0,EFM (HC),13.0,10.69,1.216,160.96009168549287,13.0,1025.5267738154282,297.15211002259144,0.9952553209228463,true,188.83642005108166,false,0,0,0,0.058531177826521695,true,0.062410212577491964,1.0662729658792651,26.0,35.5,0.07839506172839505,41.4,9.200000000000001,50.599999999999994,false,0,false,0.167,0.0,0.0,0.0,,16,3,8.5,8.5,17.0,0.963,769.7,7830.5,true,true,,,nomin
flat_plate,32.0,32.0,12.007874015748031,50.0,EFM (ASAP),12.5,10.67,1.172,154.7693189283585,12.5,996.3460746934102,289.7231827140302,0.9884847537778308,true,187.55179525732052,false,0,0,0,0.06583961481465238,true,0.07020300136076779,1.0662729658792651,26.0,35.5,0.07703703703703704,41.800000000000004,8.799999999999999,50.60000000000001,false,0,false,0.155,0.0,0.0,0.0,,16,3,8.25,8.25,16.0,0.993,723.2,7716.7,true,true,,,nomin
flat_plate,32.0,36.0,12.007874015748031,50.0,EFM (HC),13.5,12.07,1.119,167.15086444262718,13.5,1166.3980382584825,304.58103733115263,0.9943363802780056,true,188.66206332274965,false,0,0,0,0.05226560897622041,true,0.055729405896560474,1.0662729658792651,30.0,36.0,0.062400000000000004,46.6,10.8,57.4,false,0,false,0.17,0.0,0.0,0.0,,16,3,9.0,9.0,18.0,0.987,905.0,9328.3,true,true,,,nomin
flat_plate,32.0,36.0,12.007874015748031,50.0,EFM (ASAP),13.0,12.07,1.077,160.96009168549287,13.0,1138.3551611409196,297.15211002259144,0.9818950929301226,true,186.30149502011287,false,0,0,0,0.058531177826521716,true,0.06241021257749199,1.0662729658792651,30.0,35.5,0.062400000000000004,47.0,10.399999999999999,57.4,false,0,false,0.173,0.0,0.0,0.0,,16,3,9.0,9.0,18.0,0.998,879.5,9138.7,true,true,,,nomin
flat_plate,36.0,20.0,12.007874015748031,50.0,EFM (HC),8.0,12.08,0.662,99.05236411414946,8.0,297.7174708831182,222.86283693697933,0.9001192636573071,true,160.1997366549947,false,0,0,0,0.06150678367704501,true,0.04103142830599023,0.6671041119860018,28.999999999999996,35.5,0.07839506172839505,24.0,6.4,30.4,false,0,false,0.102,0.0,0.0,0.0,,16,3,6.25,6.25,12.0,0.937,360.5,4626.2,true,true,,,nomin
flat_plate,36.0,20.0,12.007874015748031,50.0,EFM (ASAP),8.0,12.08,0.662,99.05236411414946,8.0,297.7174708831182,222.86283693697933,0.9001192636573071,true,160.1997366549947,false,0,0,0,0.06150678367704501,true,0.04103142830599023,0.6671041119860018,28.999999999999996,35.5,0.07839506172839505,23.799999999999997,6.4,30.2,false,0,false,0.092,0.0,0.0,0.0,,16,3,6.25,6.25,12.0,0.937,360.5,4626.2,true,true,,,nomin
flat_plate,36.0,20.0,12.007874015748031,150.0,EFM (HC),11.5,12.06,0.954,142.38777341408982,11.5,577.4204536756143,434.8653280969078,0.9926783069906501,true,188.34746603581806,false,0,0,0,0.0621184645207141,true,0.041439483112024944,0.6671041119860018,28.999999999999996,36.0,0.062400000000000004,33.0,9.200000000000001,42.2,false,0,true,0.159,0.0,0.0,0.0,,16,3,8.5,8.5,17.0,0.992,769.7,7830.5,true,true,,,nomin
flat_plate,36.0,20.0,12.007874015748031,150.0,EFM (ASAP),11.5,12.06,0.954,142.38777341408982,11.5,577.4204536756143,434.8653280969078,0.9926783069906501,true,188.34746603581806,false,0,0,0,0.06211846452071412,true,0.04143948311202496,0.6671041119860018,28.999999999999996,36.0,0.062400000000000004,32.8,10.200000000000001,43.0,true,0,true,0.155,0.0,0.0,0.0,,16,3,8.5,8.5,17.0,0.992,769.7,7830.5,true,true,,,nomin
flat_plate,36.0,20.0,12.007874015748031,250.0,EFM (HC),16.0,12.05,1.328,198.1047282282989,16.0,875.4552787206071,661.7256738739586,0.9914322130608662,true,188.11103633602042,false,0,0,0,0.03844173979815311,true,0.025644642691243877,0.6671041119860018,28.999999999999996,36.0,0.06446280991735538,38.39999999999999,12.8,51.2,false,0,true,0.186,0.0,0.0,0.0,,16,3,10.5,10.5,21.0,0.986,1444.5,12817.0,true,true,,,nomin
flat_plate,36.0,20.0,12.007874015748031,250.0,EFM (ASAP),16.0,12.05,1.328,198.1047282282989,16.0,875.4552787206071,661.7256738739586,0.9914322130608662,true,188.11103633602042,false,0,0,0,0.03844173979815311,true,0.025644642691243877,0.6671041119860018,28.999999999999996,36.0,0.06446280991735538,37.8,12.8,50.599999999999994,false,0,true,0.249,0.0,0.0,0.0,,16,3,10.5,10.5,21.0,0.986,1444.5,12817.0,true,true,,,nomin
flat_plate,36.0,24.0,12.007874015748031,50.0,EFM (HC),8.5,12.06,0.705,105.2431368712838,8.5,464.9837706340161,230.29176424554055,0.9923578176315555,true,181.11528557499145,false,0,0,0,0.08860942929093278,true,0.07093405756885696,0.8005249343832022,28.999999999999996,35.5,0.07800000000000001,33.0,7.199999999999999,40.2,false,0,false,0.095,0.0,0.0,0.0,,16,3,6.75,6.75,13.0,0.996,446.4,5782.8,true,true,,,nomin
flat_plate,36.0,24.0,12.007874015748031,50.0,EFM (ASAP),8.5,12.07,0.704,105.2431368712838,8.5,465.4411477804402,230.29176424554055,0.9923578176315555,true,181.11528557499145,false,0,0,0,0.08860942929093278,true,0.07093405756885696,0.8005249343832022,28.999999999999996,35.5,0.07800000000000001,32.8,7.199999999999999,40.0,true,0,false,0.112,0.0,0.0,0.0,,16,3,6.75,6.75,13.0,0.996,446.4,5782.8,true,true,,,nomin
flat_plate,36.0,24.0,12.007874015748031,150.0,EFM (HC),14.499999999999998,12.05,1.203,179.5324099568959,14.499999999999998,965.4223990039503,479.438891948275,0.9890411588529324,true,187.6573656976604,false,0,0,0,0.053549320526428155,true,0.04286756630068396,0.8005249343832022,28.999999999999996,35.5,0.07800000000000001,41.2,11.6,52.800000000000004,false,0,true,0.158,0.0,0.0,0.0,,16,3,9.75,9.75,20.0,0.994,1191.1,11205.4,true,true,,,nomin
flat_plate,36.0,24.0,12.007874015748031,150.0,EFM (ASAP),14.499999999999998,12.06,1.203,179.5324099568959,14.499999999999998,966.6111162256393,479.438891948275,0.9890411588529324,true,187.6573656976604,false,0,0,0,0.05354932052642819,true,0.04286756630068399,0.8005249343832022,28.999999999999996,35.5,0.07800000000000001,40.8,12.400000000000002,53.199999999999996,false,0,true,0.221,0.0,0.0,0.0,,16,3,9.75,9.75,20.0,0.994,1191.1,11205.4,true,true,,,nomin
flat_plate,36.0,28.0,12.007874015748031,50.0,EFM (HC),10.0,12.06,0.829,123.8154551426868,10.0,718.8713276237943,252.57854617122416,0.9948765984867978,true,188.76456252114642,false,0,0,0,0.08610940074050968,true,0.08032733905474054,0.9328521434820647,28.999999999999996,35.0,0.07703703703703704,40.599999999999994,8.399999999999999,48.99999999999999,false,0,false,0.112,0.0,0.0,0.0,,16,3,7.75,7.75,15.0,0.966,606.3,7129.0,true,true,,,nomin
flat_plate,36.0,28.0,12.007874015748031,50.0,EFM (ASAP),9.5,12.04,0.789,117.62468238555248,9.5,694.8410249974679,245.14961886266295,0.9995011803286709,true,189.64201523191696,false,0,0,0,0.10043376671877481,true,0.09368985456158674,0.9328521434820647,28.999999999999996,36.0,0.07703703703703704,41.2,8.799999999999999,50.0,true,0,false,0.116,0.0,0.0,0.0,,16,3,7.75,7.75,15.0,0.937,606.3,7129.0,true,true,,,nomin
flat_plate,36.0,32.0,12.007874015748031,50.0,EFM (HC),13.5,12.07,1.119,167.15086444262718,13.5,1166.3980382584825,304.58103733115263,0.9943366707703263,true,188.6621184397922,false,0,0,0,0.05226560897622041,true,0.055729405896560474,1.0662729658792651,30.0,36.0,0.062400000000000004,46.6,10.8,57.4,false,0,false,0.149,0.0,0.0,0.0,,16,3,9.0,9.0,18.0,0.987,905.0,9328.3,true,true,,,nomin
flat_plate,36.0,32.0,12.007874015748031,50.0,EFM (ASAP),13.0,12.07,1.077,160.96009168549287,13.0,1138.3551611409196,297.15211002259144,0.9818953851122528,true,186.30155045777425,false,0,0,0,0.058531177826521716,true,0.06241021257749199,1.0662729658792651,30.0,35.5,0.062400000000000004,47.0,10.399999999999999,57.4,false,0,false,0.163,0.0,0.0,0.0,,16,3,9.0,9.0,18.0,0.998,879.5,9138.7,true,true,,,nomin
flat_plate,40.0,20.0,12.992125984251969,50.0,EFM (HC),9.0,13.5,0.666,111.43390962841812,9.0,349.478162726882,237.72069155410176,0.8546934368287686,true,160.7304188744077,false,0,0,0,0.043198180031065896,true,0.028817683529035645,0.6671041119860017,32.0,35.5,0.07800000000000001,25.199999999999996,7.999999999999999,33.199999999999996,false,0,false,0.116,0.0,0.0,0.0,,16,3,6.75,6.75,13.0,0.962,426.9,5631.1,true,true,,,nomin
flat_plate,40.0,20.0,12.992125984251969,50.0,EFM (ASAP),9.0,13.5,0.666,111.43390962841812,9.0,349.478162726882,237.72069155410176,0.8546934368287686,true,160.7304188744077,false,0,0,0,0.043198180031065875,true,0.02881768352903563,0.6671041119860017,32.0,35.5,0.07800000000000001,24.799999999999997,7.999999999999999,32.8,false,0,false,0.132,0.0,0.0,0.0,,16,3,6.75,6.75,13.0,0.962,426.9,5631.1,true,true,,,nomin
flat_plate,40.0,20.0,12.992125984251969,150.0,EFM (HC),13.0,13.49,0.964,160.96009168549287,13.0,668.8069312341589,457.15211002259133,0.9918658520346044,true,188.19331354637427,false,0,0,0,0.043001556544351865,true,0.02868651519253569,0.6671041119860017,32.0,36.0,0.06446280991735538,34.8,11.6,46.4,false,0,true,0.126,0.0,0.0,0.0,,16,3,9.25,9.25,18.0,0.987,969.8,10484.9,true,true,,,nomin
flat_plate,40.0,20.0,12.992125984251969,150.0,EFM (ASAP),13.0,13.49,0.964,160.96009168549287,13.0,668.8069312341589,457.15211002259133,0.9918658520346044,true,188.19331354637427,false,0,0,0,0.043001556544351886,true,0.028686515192535705,0.6671041119860017,32.0,36.0,0.06446280991735538,34.4,11.6,46.0,false,0,true,0.165,0.0,0.0,0.0,,16,3,9.25,9.25,18.0,0.987,969.8,10484.9,true,true,,,nomin
flat_plate,40.0,24.0,12.992125984251969,50.0,EFM (HC),9.5,13.48,0.704,117.62468238555248,9.5,545.5782798244445,245.14961886266295,0.9531087229954369,true,180.83966534640493,false,0,0,0,0.06346962036832679,true,0.05080901368068155,0.8005249343832022,32.0,36.0,0.07703703703703704,34.8,8.4,43.2,false,0,false,0.098,0.0,0.0,0.0,,16,3,7.5,7.5,15.0,0.974,558.0,6275.8,true,true,,,nomin
flat_plate,40.0,24.0,12.992125984251969,50.0,EFM (ASAP),9.5,13.48,0.704,117.62468238555248,9.5,545.5782798244445,245.14961886266295,0.9531087229954369,true,180.83966534640493,false,0,0,0,0.06346962036832675,true,0.050809013680681525,0.8005249343832022,32.0,36.0,0.07703703703703704,34.199999999999996,8.4,42.599999999999994,false,0,false,0.117,0.0,0.0,0.0,,16,3,7.5,7.5,15.0,0.974,558.0,6275.8,true,true,,,nomin
flat_plate,40.0,28.0,12.992125984251969,50.0,EFM (HC),11.5,13.5,0.852,142.38777341408982,11.5,866.606090566468,274.8653280969078,0.9993037786243831,true,189.60456089194406,false,0,0,0,0.056618328751876223,true,0.05281652933655995,0.9328521434820647,32.0,35.5,0.062400000000000004,42.6,10.0,52.6,false,0,false,0.11,0.0,0.0,0.0,,16,3,8.5,8.5,17.0,0.974,769.7,7830.5,true,true,,,nomin
flat_plate,40.0,28.0,12.992125984251969,50.0,EFM (ASAP),11.5,13.5,0.852,142.38777341408982,11.5,866.785829232903,274.8653280969078,0.9993037786243831,true,189.60456089194406,false,0,0,0,0.056618328751876223,true,0.05281652933655995,0.9328521434820647,32.0,35.0,0.062400000000000004,42.4,10.0,52.4,false,0,false,0.123,0.0,0.0,0.0,,16,3,8.5,8.5,17.0,0.974,769.7,7830.5,true,true,,,nomin
flat_plate,44.0,24.0,14.993438320209975,50.0,EFM (HC),10.0,14.83,0.674,123.8154551426868,10.0,601.3904580530034,252.57854617122416,0.9379030861996107,true,176.55837851027596,false,0,0,0,0.054417265763294094,true,0.043562378104474275,0.8005249343832022,36.0,39.49999999999999,0.0635,37.2,9.6,46.8,false,0,false,0.109,0.0,0.0,0.0,,16,3,8.0,8.0,16.0,0.951,669.8,7394.4,true,true,,,nomin
flat_plate,44.0,24.0,14.993438320209975,50.0,EFM (ASAP),10.0,14.83,0.674,123.8154551426868,10.0,601.3904580530034,252.57854617122416,0.9379030861996107,true,176.55837851027596,false,0,0,0,0.054417265763294094,true,0.043562378104474275,0.8005249343832022,36.0,39.49999999999999,0.062400000000000004,36.800000000000004,9.6,46.4,false,0,false,0.111,0.0,0.0,0.0,,16,3,8.0,8.0,16.0,0.951,669.8,7394.4,true,true,,,nomin
flat_plate,44.0,28.0,14.993438320209975,50.0,EFM (HC),11.5,14.83,0.775,142.38777341408982,11.5,927.8078256641517,274.8653280969078,0.9995201780423604,true,189.64561979465262,false,0,0,0,0.05661832875187613,true,0.052816529336559864,0.9328521434820647,36.0,40.0,0.07800000000000001,47.00000000000001,11.200000000000001,58.20000000000001,false,0,false,0.095,0.0,0.0,0.0,,16,3,9.0,9.0,18.0,0.988,879.5,9138.7,true,true,,,nomin
flat_plate,44.0,28.0,14.993438320209975,50.0,EFM (ASAP),11.5,14.83,0.775,142.38777341408982,11.5,928.0028875892821,274.8653280969078,0.9995201780423604,true,189.64561979465262,false,0,0,0,0.05661832875187616,true,0.05281652933655989,0.9328521434820647,36.0,40.0,0.07800000000000001,46.6,11.200000000000001,57.800000000000004,false,0,false,0.104,0.0,0.0,0.0,,16,3,9.0,9.0,18.0,0.988,879.5,9138.7,true,true,,,nomin
flat_plate,48.0,24.0,16.010498687664043,50.0,EFM (HC),11.0,16.21,0.679,136.1970006569555,11.0,680.1680959180828,267.43640078834665,0.9015115530808138,true,171.04979068146943,false,0,0,0,0.04088449719255752,true,0.03272905943236232,0.8005249343832022,39.0,42.0,0.06446280991735538,39.199999999999996,11.6,50.8,false,0,false,0.106,0.0,0.0,0.0,,16,3,8.5,8.5,17.0,0.976,769.7,7830.5,true,true,,,nomin
flat_plate,48.0,24.0,16.010498687664043,50.0,EFM (ASAP),11.0,16.21,0.679,136.1970006569555,11.0,680.1680959180828,267.43640078834665,0.9015115530808138,true,171.04979068146943,false,0,0,0,0.04088449719255748,true,0.03272905943236229,0.8005249343832022,39.0,42.0,0.06446280991735538,38.8,11.6,50.39999999999999,false,0,false,0.107,0.0,0.0,0.0,,16,3,8.5,8.5,17.0,0.976,769.7,7830.5,true,true,,,nomin
flat_plate,48.0,28.0,16.010498687664043,50.0,EFM (HC),11.5,16.18,0.711,142.38777341408982,11.5,988.7342353292128,274.8653280969078,0.9997005565209345,true,189.67984420464282,false,0,0,0,0.05661832875187613,true,0.052816529336559864,0.9328521434820647,39.0,43.00000000000001,0.05416666666666667,51.4,11.999999999999998,63.4,false,0,false,0.084,0.0,0.0,0.0,,16,3,9.25,9.25,18.0,0.996,969.8,10484.9,true,true,,,nomin
