floor_type,lx_ft,ly_ft,story_ht_ft,live_psf,method,h_in,sw_psf,vol_per_area_in,M0_kipft,qu_psf,punch_ratio,punch_ok,vu_max_psi,has_studs,n_stud_cols,stud_rails_max,stud_per_rail_max,defl_ratio,defl_ok,defl_in,defl_limit_in,col_min_in,col_max_in,col_rho_max,As_cs_in2,As_ms_in2,As_total_in2,integrity_ok,n_transfer_bars,runtime_s,h_drop_in,a_drop1_ft,a_drop2_ft
flat_slab,16.0,16.0,12.007874015748031,40.0,MDDM,5.821999522786926,72.08535207543687,5.821999522786926,75.09800502294657,178.2168861448048,0.529267362431109,true,100.4214213883282,false,0,0,0,0.06536367017054028,true,0.03488349851621135,0.5336832895888015,18.0,18.0,0.019506172839506175,5.999999999999999,2.4,8.399999999999999,false,0,3.657,2.25,2.6684164479440073,2.6684164479440073
flat_slab,16.0,16.0,12.007874015748031,40.0,DDM (Full),5.821999522786926,72.08535207543687,5.821999522786926,75.09800502294657,178.2168861448048,0.529267362431109,true,100.4214213883282,false,0,0,0,0.06536367017054028,true,0.03488349851621135,0.5336832895888015,18.0,18.0,0.019506172839506175,6.4,2.4,8.799999999999999,false,0,0.109,2.25,2.6684164479440073,2.6684164479440073
flat_slab,16.0,16.0,12.007874015748031,40.0,EFM (HC),5.821999522786926,72.08535207543687,5.821999522786926,73.53278403743307,174.5024224905242,0.7394291756027465,true,140.2968217971172,false,0,0,0,0.06536367017054028,true,0.03488349851621135,0.5336832895888015,18.0,18.0,0.019506172839506175,7.6,2.4,10.0,false,0,4.209,2.25,2.6684164479440073,2.6684164479440073
flat_slab,16.0,16.0,12.007874015748031,40.0,EFM (ASAP),5.821999522786926,72.08535207543687,5.821999522786926,73.53278403743307,174.5024224905242,0.612379168164003,true,116.19077778225129,false,0,0,0,0.06536367017054028,true,0.03488349851621135,0.5336832895888015,18.0,18.0,0.019506172839506175,7.800000000000001,2.4,10.2,true,0,0.233,2.25,2.6684164479440073,2.6684164479440073
flat_slab,16.0,16.0,12.007874015748031,40.0,FEA,5.821999522786926,72.08535207543687,5.821999522786926,73.53278403743307,174.5024224905242,0.6078327461076103,true,115.32815484809366,false,0,0,0,0.09647473152665666,true,0.051486952083342585,0.5336832895888015,18.0,18.0,0.019506172839506175,6.199999999999999,2.4,8.6,true,0,6.355,2.25,2.6684164479440073,2.6684164479440073
flat_slab,16.0,16.0,12.007874015748031,50.0,MDDM,5.821999522786926,72.08535207543687,5.821999522786926,81.84017242559577,194.2168861448048,0.5767840595414887,true,109.43708077375668,false,0,0,0,0.08170458771317532,true,0.04360437314526418,0.5336832895888015,18.0,18.0,0.019506172839506175,6.599999999999999,2.4,8.999999999999998,false,0,0.915,2.25,2.6684164479440073,2.6684164479440073
flat_slab,16.0,16.0,12.007874015748031,50.0,DDM (Full),5.821999522786926,72.08535207543687,5.821999522786926,81.84017242559577,194.2168861448048,0.5767840595414887,true,109.43708077375668,false,0,0,0,0.08170458771317532,true,0.04360437314526418,0.5336832895888015,18.0,18.0,0.019506172839506175,7.0,2.4,9.4,true,0,0.124,2.25,2.6684164479440073,2.6684164479440073
flat_slab,16.0,16.0,12.007874015748031,50.0,EFM (HC),5.821999522786926,72.08535207543687,5.821999522786926,80.27495144008228,190.50242249052422,0.8072268980686703,true,153.1605351869744,false,0,0,0,0.08170458771317535,true,0.04360437314526419,0.5336832895888015,18.0,18.0,0.019506172839506175,8.4,2.4,10.8,false,0,0.142,2.25,2.6684164479440073,2.6684164479440073
flat_slab,16.0,16.0,12.007874015748031,50.0,EFM (ASAP),5.821999522786926,72.08535207543687,5.821999522786926,80.27495144008228,190.50242249052422,0.6685277679988053,true,126.84422555669107,false,0,0,0,0.08170458771317532,true,0.04360437314526418,0.5336832895888015,18.0,18.0,0.019506172839506175,8.4,2.4,10.8,true,0,0.138,2.25,2.6684164479440073,2.6684164479440073
flat_slab,16.0,16.0,12.007874015748031,50.0,FEA,5.821999522786926,72.08535207543687,5.821999522786926,80.27495144008228,190.50242249052422,0.6635644878159529,true,125.90250935408763,false,0,0,0,0.12059341440832096,true,0.0643586901041783,0.5336832895888015,18.0,18.0,0.019506172839506175,6.8,2.4,9.2,true,0,3.407,2.25,2.6684164479440073,2.6684164479440073
flat_slab,16.0,16.0,12.007874015748031,80.0,MDDM,5.821999522786926,72.08535207543687,5.821999522786926,102.06667463354333,242.2168861448048,0.7193341508726283,true,136.48405893004218,false,0,0,0,0.13072734034108052,true,0.06976699703242269,0.5336832895888015,18.0,18.0,0.019506172839506175,8.2,2.4,10.6,false,0,0.16,2.25,2.6684164479440073,2.6684164479440073
flat_slab,16.0,16.0,12.007874015748031,80.0,DDM (Full),5.821999522786926,72.08535207543687,5.821999522786926,102.06667463354333,242.2168861448048,0.7193341508726283,true,136.48405893004218,false,0,0,0,0.13072734034108052,true,0.06976699703242269,0.5336832895888015,18.0,18.0,0.019506172839506175,8.799999999999999,2.4,11.2,true,0,0.121,2.25,2.6684164479440073,2.6684164479440073
flat_slab,16.0,16.0,12.007874015748031,80.0,EFM (HC),5.821999522786926,72.08535207543687,5.821999522786926,100.21307248827009,238.50242249052422,0.9147429136940132,true,173.56026484631457,false,0,0,0,0.13072734034108047,true,0.06976699703242266,0.5336832895888015,18.0,20.0,0.019506172839506175,10.4,2.4,12.8,false,0,0.268,2.25,2.6684164479440073,2.6684164479440073
flat_slab,16.0,16.0,12.007874015748031,80.0,EFM (ASAP),5.821999522786926,72.08535207543687,5.821999522786926,100.50145364802984,238.50242249052422,0.8369735675032122,true,158.80456888001032,false,0,0,0,0.13072734034108052,true,0.06976699703242269,0.5336832895888015,18.0,18.0,0.019506172839506175,10.8,2.4,13.200000000000001,true,0,0.118,2.25,2.6684164479440073,2.6684164479440073
flat_slab,16.0,16.0,12.007874015748031,80.0,FEA,5.821999522786926,72.08535207543687,5.821999522786926,100.50145364802984,238.50242249052422,0.8307597129409775,true,157.62557287206891,false,0,0,0,0.2272483906003657,true,0.12127866864936404,0.5336832895888015,18.0,18.0,0.019506172839506175,8.6,2.4,10.999999999999998,true,0,3.584,2.25,2.6684164479440073,2.6684164479440073
flat_slab,20.0,20.0,12.007874015748031,40.0,MDDM,7.277499403483655,90.10669009429607,7.277499403483655,171.34526656511798,199.84249176743583,0.8276651959248109,true,157.03842955031485,false,0,0,0,0.06536367017054029,true,0.04360437314526419,0.6671041119860017,18.0,18.0,0.019506172839506175,10.4,3.2,13.600000000000001,false,0,0.123,2.25,3.335520559930009,3.335520559930009
flat_slab,20.0,20.0,12.007874015748031,40.0,DDM (Full),7.277499403483655,90.10669009429607,7.277499403483655,171.34526656511798,199.84249176743583,0.8276651959248109,true,157.03842955031485,false,0,0,0,0.06536367017054029,true,0.04360437314526419,0.6671041119860017,18.0,18.0,0.019506172839506175,10.8,3.2,14.0,false,0,0.126,2.25,3.335520559930009,3.335520559930009
flat_slab,20.0,20.0,12.007874015748031,40.0,EFM (HC),7.277499403483655,90.10669009429607,7.277499403483655,167.78222119912482,196.12802811315524,0.943147454935947,true,178.9496476193165,false,0,0,0,0.06536367017054029,true,0.04360437314526419,0.6671041119860017,18.0,20.0,0.019506172839506175,12.8,3.2,16.0,false,0,0.981,2.25,3.335520559930009,3.335520559930009
flat_slab,20.0,20.0,12.007874015748031,40.0,EFM (ASAP),7.277499403483655,90.10669009429607,7.277499403483655,168.160479589334,196.12802811315524,0.8533924696798401,true,161.91983653346875,false,0,0,0,0.06536367017054037,true,0.04360437314526425,0.6671041119860017,18.0,18.0,0.019506172839506175,13.0,3.2,16.2,false,0,0.132,2.25,3.335520559930009,3.335520559930009
flat_slab,20.0,20.0,12.007874015748031,40.0,FEA,7.277499403483655,90.10669009429607,7.277499403483655,168.160479589334,196.12802811315524,0.9118653792727471,true,173.01429107731047,false,0,0,0,0.12442650274176476,true,0.08300543161906879,0.6671041119860017,18.0,18.0,0.019506172839506175,10.8,3.2,14.0,false,0,3.775,2.25,3.335520559930009,3.335520559930009
flat_slab,20.0,20.0,12.007874015748031,50.0,MDDM,7.277499403483655,90.10669009429607,7.277499403483655,185.06369171482189,215.84249176743583,0.8939305983308614,true,169.61140565055814,false,0,0,0,0.08170458771317542,true,0.054505466431580274,0.6671041119860017,18.0,18.0,0.019506172839506175,10.999999999999998,3.2,14.2,false,0,0.132,2.25,3.335520559930009,3.335520559930009
flat_slab,20.0,20.0,12.007874015748031,50.0,DDM (Full),7.277499403483655,90.10669009429607,7.277499403483655,185.06369171482189,215.84249176743583,0.8939305983308614,true,169.61140565055814,false,0,0,0,0.08170458771317542,true,0.054505466431580274,0.6671041119860017,18.0,18.0,0.019506172839506175,11.799999999999999,3.2,14.999999999999998,true,0,0.163,2.25,3.335520559930009,3.335520559930009
flat_slab,20.0,20.0,12.007874015748031,50.0,EFM (HC),7.277499403483655,90.10669009429607,7.277499403483655,181.0611324493793,212.12802811315524,0.9416568430496174,true,178.6668238992292,false,0,0,0,0.08170458771317538,true,0.054505466431580246,0.6671041119860017,18.0,22.0,0.019506172839506175,13.6,3.2,16.799999999999997,false,0,0.29,2.25,3.335520559930009,3.335520559930009
flat_slab,20.0,20.0,12.007874015748031,50.0,EFM (ASAP),7.277499403483655,90.10669009429607,7.277499403483655,181.87890473903786,212.12802811315524,0.923011685486159,true,175.12915398523455,false,0,0,0,0.08170458771317538,true,0.054505466431580246,0.6671041119860017,18.0,18.0,0.019506172839506175,14.0,3.2,17.200000000000003,true,0,0.119,2.25,3.335520559930009,3.335520559930009
flat_slab,20.0,20.0,12.007874015748031,50.0,FEA,7.277499403483655,90.10669009429607,7.277499403483655,181.87890473903786,212.12802811315524,0.9862547779156905,true,187.12868708622685,false,0,0,0,0.16087534398087464,true,0.10732060348680394,0.6671041119860017,18.0,18.0,0.019506172839506175,11.399999999999999,3.2,14.6,true,0,3.221,2.25,3.335520559930009,3.335520559930009
flat_slab,20.0,20.0,12.007874015748031,80.0,MDDM,7.277499403483655,90.10669009429607,7.277499403483655,224.18698673423668,263.8424917674359,0.9554859184571795,true,181.29070647255625,false,0,0,0,0.13072734034108063,true,0.08720874629052841,0.6671041119860017,18.0,20.0,0.019506172839506175,13.4,3.2,16.6,false,0,0.183,2.25,3.335520559930009,3.335520559930009
flat_slab,20.0,20.0,12.007874015748031,80.0,DDM (Full),7.277499403483655,90.10669009429607,7.277499403483655,224.18698673423668,263.8424917674359,0.9554859184571795,true,181.29070647255625,false,0,0,0,0.13072734034108066,true,0.08720874629052844,0.6671041119860017,18.0,20.0,0.019506172839506175,14.4,3.4,17.8,false,0,0.264,2.25,3.335520559930009,3.335520559930009
flat_slab,20.0,20.0,12.007874015748031,80.0,EFM (HC),7.277499403483655,90.10669009429607,7.277499403483655,221.0308066647995,260.12802811315527,0.9826493624735657,true,186.4446076037314,false,0,0,0,0.13072734034108066,true,0.08720874629052844,0.6671041119860017,18.0,25.999999999999996,0.019506172839506175,16.599999999999998,3.4,20.0,false,0,0.458,2.25,3.335520559930009,3.335520559930009
flat_slab,20.0,20.0,12.007874015748031,80.0,EFM (ASAP),7.277499403483655,90.10669009429607,7.277499403483655,222.03136365774284,260.12802811315527,0.9739924605573045,true,184.8020759515677,false,0,0,0,0.13072734034108063,true,0.08720874629052841,0.6671041119860017,18.0,22.0,0.02438271604938272,17.2,3.8,20.999999999999996,false,0,0.285,2.25,3.335520559930009,3.335520559930009
flat_slab,20.0,20.0,12.007874015748031,80.0,FEA,7.277499403483655,90.10669009429607,7.277499403483655,221.0308066647995,260.12802811315527,0.9486354521237093,true,179.99092187367214,false,0,0,0,0.4240560952763238,true,0.28288956487156336,0.6671041119860017,18.0,22.0,0.019506172839506175,14.0,3.5999999999999996,17.599999999999998,true,0,6.395,2.25,3.335520559930009,3.335520559930009
flat_slab,24.0,24.0,12.007874015748031,40.0,MDDM,8.732999284180387,108.12802811315528,8.732999284180387,329.6035543008392,221.4680973900669,0.9205118896247425,true,174.65485106878225,false,0,0,0,0.06536367017054028,true,0.05232524777431702,0.8005249343832022,20.0,22.0,0.02438271604938272,15.799999999999999,4.8,20.599999999999998,false,0,0.255,2.25,4.002624671916011,4.002624671916011
flat_slab,24.0,24.0,12.007874015748031,40.0,DDM (Full),8.732999284180387,108.12802811315528,8.732999284180387,329.6035543008392,221.4680973900669,0.9205118896247425,true,174.65485106878225,false,0,0,0,0.06536367017054028,true,0.05232524777431702,0.8005249343832022,20.0,22.0,0.02438271604938272,16.8,4.8,21.6,false,0,0.19,2.25,4.002624671916011,4.002624671916011
flat_slab,24.0,24.0,12.007874015748031,40.0,EFM (HC),8.732999284180387,108.12802811315528,8.732999284180387,324.68217974596786,217.7536337357863,0.9909188883356072,true,188.01363981735452,false,0,0,0,0.06536367017054034,true,0.052325247774317074,0.8005249343832022,20.0,25.999999999999996,0.030864197530864196,19.4,4.8,24.2,false,0,0.436,2.25,4.002624671916011,4.002624671916011
flat_slab,24.0,24.0,12.007874015748031,40.0,EFM (ASAP),8.732999284180387,108.12802811315528,8.732999284180387,325.8973567357822,217.7536337357863,0.9631403561847629,true,182.74303391818148,false,0,0,0,0.06536367017054028,true,0.05232524777431702,0.8005249343832022,20.0,22.0,0.034135802469135806,19.799999999999997,4.8,24.599999999999998,false,0,0.276,2.25,4.002624671916011,4.002624671916011
flat_slab,24.0,24.0,12.007874015748031,40.0,FEA,8.732999284180387,108.12802811315528,8.732999284180387,325.28948452145227,217.7536337357863,0.9632486642326067,true,182.76358392538825,false,0,0,0,0.19505471564025217,true,0.15614616343904703,0.8005249343832022,20.0,22.0,0.02438271604938272,17.2,4.8,21.999999999999996,true,0,4.719,2.25,4.002624671916011,4.002624671916011
flat_slab,24.0,24.0,12.007874015748031,50.0,MDDM,8.732999284180387,108.12802811315528,8.732999284180387,353.41581859967886,237.4680973900669,0.987014426141573,true,187.27282020308454,false,0,0,0,0.0817045877131754,true,0.06540655971789633,0.8005249343832022,20.0,22.0,0.02438271604938272,17.0,4.8,21.799999999999997,false,0,0.971,2.25,4.002624671916011,4.002624671916011
flat_slab,24.0,24.0,12.007874015748031,50.0,DDM (Full),8.732999284180387,108.12802811315528,8.732999284180387,353.41581859967886,237.4680973900669,0.987014426141573,true,187.27282020308454,false,0,0,0,0.08170458771317538,true,0.0654065597178963,0.8005249343832022,20.0,22.0,0.02925925925925926,17.999999999999996,4.8,22.799999999999997,false,0,0.173,2.25,4.002624671916011,4.002624671916011
flat_slab,24.0,24.0,12.007874015748031,50.0,EFM (HC),8.732999284180387,108.12802811315528,8.732999284180387,347.8877067081687,233.75363373578634,0.9937074696134004,true,188.54273591405428,false,0,0,0,0.08170458771317538,true,0.0654065597178963,0.8005249343832022,20.0,27.999999999999993,0.034135802469135806,20.8,4.8,25.6,false,0,0.47,2.25,4.002624671916011,4.002624671916011
flat_slab,24.0,24.0,12.007874015748031,50.0,EFM (ASAP),8.732999284180387,108.12802811315528,8.732999284180387,349.1909536407155,233.75363373578634,0.9691520797635069,true,183.88367826851166,false,0,0,0,0.08170458771317533,true,0.06540655971789627,0.8005249343832022,20.0,23.999999999999996,0.03851851851851852,21.400000000000002,4.8,26.2,false,0,0.223,2.25,4.002624671916011,4.002624671916011
flat_slab,24.0,24.0,12.007874015748031,50.0,FEA,8.732999284180387,108.12802811315528,8.732999284180387,348.2132900164857,233.75363373578634,0.988716330295066,true,187.59573381214486,false,0,0,0,0.3061813915542656,true,0.245105838383336,0.8005249343832022,20.0,23.999999999999996,0.02925925925925926,18.2,5.0,23.2,true,0,6.723,2.25,4.002624671916011,4.002624671916011
flat_slab,24.0,24.0,12.007874015748031,80.0,MDDM,8.732999284180387,108.12802811315528,8.732999284180387,418.5160846772424,285.46809739006693,0.956799322115948,true,181.53990729549068,false,0,0,0,0.13072734034108055,true,0.10465049554863404,0.8005249343832022,20.0,25.999999999999996,0.02925925925925926,20.2,4.8,25.0,false,0,0.296,2.25,4.002624671916011,4.002624671916011
flat_slab,24.0,24.0,12.007874015748031,80.0,DDM (Full),8.732999284180387,108.12802811315528,8.732999284180387,418.5160846772424,285.46809739006693,0.956799322115948,true,181.53990729549068,false,0,0,0,0.13072734034108055,true,0.10465049554863404,0.8005249343832022,20.0,25.999999999999996,0.030864197530864196,21.6,5.2,26.8,false,0,0.323,2.25,4.002624671916011,4.002624671916011
flat_slab,24.0,24.0,12.007874015748031,80.0,EFM (HC),8.732999284180387,108.12802811315528,8.732999284180387,416.97371412551314,281.7536337357863,0.9816053495513481,true,186.24652007928006,false,0,0,0,0.13072734034108055,true,0.10465049554863404,0.8005249343832022,20.0,33.999999999999986,0.043209876543209874,24.799999999999997,5.0,29.8,false,0,0.769,2.25,4.002624671916011,4.002624671916011
flat_slab,24.0,24.0,12.007874015748031,80.0,EFM (ASAP),8.732999284180387,108.12802811315528,8.732999284180387,418.5401702300892,281.7536337357863,0.9654177671206571,true,183.17514226171755,false,0,0,0,0.13072734034108055,true,0.10465049554863404,0.8005249343832022,20.0,29.999999999999993,0.043209876543209874,25.4,5.4,30.799999999999997,false,0,0.492,2.25,4.002624671916011,4.002624671916011
flat_slab,24.0,24.0,12.007874015748031,80.0,FEA,8.732999284180387,108.12802811315528,8.732999284180387,416.5825589836652,281.7536337357863,0.9741262488797306,true,184.8274605009597,false,0,0,0,0.6923641851270826,true,0.554254793868137,0.8005249343832022,20.0,27.999999999999993,0.034135802469135806,21.400000000000002,5.6,27.0,true,0,9.963,2.25,4.002624671916011,4.002624671916011
flat_slab,28.0,28.0,12.007874015748031,40.0,MDDM,10.176568837986162,126.001650246614,10.176568837986162,585.3418130435449,246.21818942068901,0.9630637292710797,true,182.72849498354302,false,0,0,0,0.06536367017054029,true,0.060974639824443205,0.9328521434820647,23.0,23.0,0.043209876543209874,23.4,6.4,29.8,false,0,0.191,4.25,4.664260717410323,4.664260717410323
flat_slab,28.0,28.0,12.007874015748031,40.0,DDM (Full),10.176568837986162,126.001650246614,10.176568837986162,585.3418130435449,246.21818942068901,0.9630637292710797,true,182.72849498354302,false,0,0,0,0.06536367017054023,true,0.06097463982444315,0.9328521434820647,23.0,23.0,0.04876543209876544,24.800000000000004,6.4,31.200000000000006,false,0,0.129,4.25,4.664260717410323,4.664260717410323
flat_slab,28.0,28.0,12.007874015748031,40.0,EFM (HC),10.176568837986162,126.001650246614,10.176568837986162,565.9385131960137,239.20198029593675,0.990378669132151,true,187.9111404302335,false,0,0,0,0.0653636701705402,true,0.06097463982444312,0.9328521434820647,23.0,28.999999999999993,0.05851851851851852,28.200000000000003,6.4,34.6,false,0,0.367,4.25,4.664260717410323,4.664260717410323
flat_slab,28.0,28.0,12.007874015748031,40.0,EFM (ASAP),10.176568837986162,126.001650246614,10.176568837986162,568.6619707482298,239.20198029593675,0.9351409534072361,true,177.43052076409572,false,0,0,0,0.06536367017054036,true,0.06097463982444326,0.9328521434820647,23.0,23.0,0.06827160493827161,28.999999999999996,6.599999999999999,35.599999999999994,false,0,0.141,4.25,4.664260717410323,4.664260717410323
flat_slab,28.0,28.0,12.007874015748031,40.0,FEA,10.176568837986162,126.001650246614,10.176568837986162,568.6619707482298,239.20198029593675,0.9763983620066954,true,185.25856365592625,false,0,0,0,0.3164887214457328,true,0.29523718218854994,0.9328521434820647,23.0,23.0,0.05487654320987655,25.0,6.8,31.8,true,0,3.726,4.25,4.664260717410323,4.664260717410323
flat_slab,28.0,28.0,12.007874015748031,50.0,MDDM,10.176568837986162,126.001650246614,10.176568837986162,619.3999995365324,262.21818942068904,0.9274620014373852,true,175.9735420680298,false,0,0,0,0.08170458771317533,true,0.07621829978055397,0.9328521434820647,23.0,24.999999999999996,0.04876543209876544,24.999999999999996,6.4,31.4,false,0,0.202,4.25,4.664260717410323,4.664260717410323
flat_slab,28.0,28.0,12.007874015748031,50.0,DDM (Full),10.176568837986162,126.001650246614,10.176568837986162,619.3999995365324,262.21818942068904,0.9274620014373852,true,175.9735420680298,false,0,0,0,0.08170458771317533,true,0.07621829978055397,0.9328521434820647,23.0,24.999999999999996,0.05487654320987655,26.399999999999995,6.599999999999999,32.99999999999999,false,0,0.348,4.25,4.664260717410323,4.664260717410323
flat_slab,28.0,28.0,12.007874015748031,50.0,EFM (HC),10.176568837986162,126.001650246614,10.176568837986162,602.8266262773359,255.20198029593675,0.9958729587087448,true,188.95360858142703,false,0,0,0,0.08170458771317536,true,0.076218299780554,0.9328521434820647,23.0,30.999999999999993,0.06827160493827161,30.0,6.4,36.4,false,0,0.445,4.25,4.664260717410323,4.664260717410323
flat_slab,28.0,28.0,12.007874015748031,50.0,EFM (ASAP),10.176568837986162,126.001650246614,10.176568837986162,606.6992458607311,255.20198029593675,0.9976916699021611,true,189.29868476806132,false,0,0,0,0.08170458771317542,true,0.07621829978055406,0.9328521434820647,23.0,23.0,0.06827160493827161,31.0,6.8,37.8,false,0,0.113,4.25,4.664260717410323,4.664260717410323
flat_slab,28.0,28.0,12.007874015748031,50.0,FEA,10.176568837986162,126.001650246614,10.176568837986162,604.7613861620392,255.20198029593675,0.94898691986611,true,180.05760818907595,false,0,0,0,0.43942912253801686,true,0.4099223988680319,0.9328521434820647,23.0,24.999999999999996,0.05555555555555555,26.400000000000002,7.0,33.400000000000006,false,0,4.507,4.25,4.664260717410323,4.664260717410323
flat_slab,28.0,28.0,12.007874015748031,80.0,MDDM,10.176568837986162,126.001650246614,10.176568837986162,728.0910350386988,310.21818942068904,0.9983622420601829,true,189.42591688935192,false,0,0,0,0.1307273403410805,true,0.12194927964888633,0.9328521434820647,23.0,26.999999999999996,0.05851851851851852,29.2,6.4,35.6,false,0,1.092,4.25,4.664260717410323,4.664260717410323
flat_slab,28.0,28.0,12.007874015748031,80.0,DDM (Full),10.176568837986162,126.001650246614,10.176568837986162,728.0910350386988,310.21818942068904,0.9983622420601829,true,189.42591688935192,false,0,0,0,0.13072734034108055,true,0.12194927964888638,0.9328521434820647,23.0,26.999999999999996,0.06827160493827161,31.200000000000003,7.3999999999999995,38.6,false,0,0.252,4.25,4.664260717410323,4.664260717410323
flat_slab,28.0,28.0,12.007874015748031,80.0,EFM (HC),10.176568837986162,126.001650246614,10.176568837986162,713.9150859739958,303.2019802959368,0.9999999999999999,true,199.40754419937596,true,2,4,3,0.13072734034108052,true,0.12194927964888636,0.9328521434820647,23.0,34.999999999999986,0.06827160493827161,35.4,7.199999999999999,42.6,false,2,0.658,4.25,4.664260717410323,4.664260717410323
flat_slab,28.0,28.0,12.007874015748031,80.0,EFM (ASAP),10.176568837986162,126.001650246614,10.176568837986162,716.2100648688303,303.2019802959368,0.9554579443611337,true,181.28539876101692,false,0,0,0,0.1307273403410807,true,0.1219492796488865,0.9328521434820647,23.0,30.999999999999993,0.06827160493827161,36.6,7.6,44.2,false,0,0.437,4.25,4.664260717410323,4.664260717410323
flat_slab,28.0,28.0,12.007874015748031,80.0,FEA,10.176568837986162,126.001650246614,10.176568837986162,713.9150859739958,303.2019802959368,0.9489154382348765,true,180.04404550314223,false,0,0,0,0.8825925625574557,true,0.8233283638030507,0.9328521434820647,23.0,28.999999999999993,0.06827160493827161,30.800000000000004,8.0,38.800000000000004,true,0,8.184,4.25,4.664260717410323,4.664260717410323
flat_slab,32.0,32.0,12.007874015748031,40.0,MDDM,11.632068718682893,144.0229882654732,11.632068718682893,941.8307905604008,267.84379504332014,0.9252324600273515,true,175.5505163284276,false,0,0,0,0.06536367017054039,true,0.06969551445349614,1.0662729658792651,26.0,29.999999999999996,0.05,32.6,8.4,41.0,false,0,0.243,4.25,5.331364829396326,5.331364829396326
flat_slab,32.0,32.0,12.007874015748031,40.0,DDM (Full),11.632068718682893,144.0229882654732,11.632068718682893,941.8307905604008,267.84379504332014,0.9252324600273515,true,175.5505163284276,false,0,0,0,0.06536367017054028,true,0.06969551445349603,1.0662729658792651,26.0,29.999999999999996,0.0553,34.6,8.600000000000001,43.2,false,0,1.209,4.25,5.331364829396326,5.331364829396326
flat_slab,32.0,32.0,12.007874015748031,40.0,EFM (HC),11.632068718682893,144.0229882654732,11.632068718682893,921.029437829469,260.8275859185679,0.9999999999999999,true,194.6850901092677,true,2,4,3,0.06536367017054033,true,0.06969551445349609,1.0662729658792651,26.0,35.99999999999999,0.07,39.400000000000006,8.4,47.800000000000004,false,0,0.491,4.25,5.331364829396326,5.331364829396326
flat_slab,32.0,32.0,12.007874015748031,40.0,EFM (ASAP),11.632068718682893,144.0229882654732,11.632068718682893,924.9076343771335,260.8275859185679,0.9677009841137311,true,183.60835222714843,false,0,0,0,0.06536367017054033,true,0.06969551445349609,1.0662729658792651,26.0,29.999999999999996,0.0762,40.6,8.799999999999999,49.400000000000006,false,0,0.206,4.25,5.331364829396326,5.331364829396326
flat_slab,32.0,32.0,12.007874015748031,40.0,FEA,11.632068718682893,144.0229882654732,11.632068718682893,922.3212646949545,260.8275859185679,0.9557223945826405,true,181.33557466267877,false,0,0,0,0.45264664089463075,true,0.4826448762820046,1.0662729658792651,26.0,29.999999999999996,0.07,36.199999999999996,9.0,45.199999999999996,false,0,6.983,4.25,5.331364829396326,5.331364829396326
flat_slab,32.0,32.0,12.007874015748031,50.0,MDDM,11.632068718682893,144.0229882654732,11.632068718682893,998.0922867303201,283.84379504332014,0.9805024331773484,true,186.03725641064807,false,0,0,0,0.08170458771317536,true,0.08711939306687005,1.0662729658792651,26.0,29.999999999999996,0.0553,34.6,8.4,43.0,false,0,0.275,4.25,5.331364829396326,5.331364829396326
flat_slab,32.0,32.0,12.007874015748031,50.0,DDM (Full),11.632068718682893,144.0229882654732,11.632068718682893,998.0922867303201,283.84379504332014,0.9805024331773484,true,186.03725641064807,false,0,0,0,0.08170458771317536,true,0.08711939306687005,1.0662729658792651,26.0,29.999999999999996,0.06,36.6,8.799999999999999,45.400000000000006,false,0,0.308,4.25,5.331364829396326,5.331364829396326
flat_slab,32.0,32.0,12.007874015748031,50.0,EFM (HC),11.632068718682893,144.0229882654732,11.632068718682893,977.5283351887088,276.8275859185679,1.0,true,206.62769744805126,true,2,4,3,0.08170458771317546,true,0.08711939306687017,1.0662729658792651,26.0,35.99999999999999,0.0762,41.800000000000004,8.600000000000001,50.400000000000006,false,0,0.429,4.25,5.331364829396326,5.331364829396326
flat_slab,32.0,32.0,12.007874015748031,50.0,EFM (ASAP),11.632068718682893,144.0229882654732,11.632068718682893,980.2714393715482,276.8275859185679,0.9782385096689891,true,185.60770712655918,false,0,0,0,0.0817045877131753,true,0.08711939306687,1.0662729658792651,26.0,31.999999999999996,0.07,43.0,9.0,52.00000000000001,false,0,0.314,4.25,5.331364829396326,5.331364829396326
flat_slab,32.0,32.0,12.007874015748031,50.0,FEA,11.632068718682893,144.0229882654732,11.632068718682893,976.8431596755734,276.8275859185679,0.982334050076478,true,186.38478128277433,false,0,0,0,0.605961083085251,true,0.6461199212687223,1.0662729658792651,26.0,31.999999999999996,0.07,38.2,9.4,47.6,false,0,7.777,4.25,5.331364829396326,5.331364829396326
flat_slab,32.0,32.0,12.007874015748031,80.0,MDDM,11.632068718682893,144.0229882654732,11.632068718682893,1153.7974362831783,331.84379504332014,0.9800365040857303,true,185.94885258118927,false,0,0,0,0.1307273403410806,true,0.13939102890699212,1.0662729658792651,26.0,33.99999999999999,0.07,40.2,8.4,48.6,false,0,1.163,4.25,5.331364829396326,5.331364829396326
flat_slab,32.0,32.0,12.007874015748031,80.0,DDM (Full),11.632068718682893,144.0229882654732,11.632068718682893,1153.7974362831783,331.84379504332014,0.9800365040857303,true,185.94885258118927,false,0,0,0,0.1307273403410806,true,0.13939102890699212,1.0662729658792651,26.0,33.99999999999999,0.0762,42.6,10.0,52.6,false,0,0.338,4.25,5.331364829396326,5.331364829396326
flat_slab,32.0,32.0,12.007874015748031,80.0,EFM (HC),11.632068718682893,144.0229882654732,11.632068718682893,1147.0250272664284,324.8275859185678,0.9999999999999999,true,242.45551946440187,true,2,4,3,0.1307273403410806,true,0.13939102890699212,1.0662729658792651,26.0,35.99999999999999,0.06297520661157024,49.8,9.8,59.6,false,0,0.485,4.25,5.331364829396326,5.331364829396326
flat_slab,32.0,32.0,12.007874015748031,80.0,EFM (ASAP),11.632068718682893,144.0229882654732,11.632068718682893,1147.0250272664284,324.8275859185678,1.0,true,197.7884117476057,true,2,4,3,0.13072734034108066,true,0.13939102890699218,1.0662729658792651,26.0,35.99999999999999,0.0734710743801653,50.599999999999994,10.4,61.0,false,0,0.446,4.25,5.331364829396326,5.331364829396326
flat_slab,32.0,32.0,12.007874015748031,80.0,FEA,12.5,154.7693189283585,12.5,1185.0491817415127,337.7231827140302,0.9569661342662092,true,181.57155767566363,false,0,0,0,0.7008272572094126,true,0.747273158113711,1.0662729658792651,26.0,35.99999999999999,0.0762,42.4,10.4,52.79999999999999,false,0,12.983,4.25,5.331364829396326,5.331364829396326
flat_slab,36.0,36.0,12.007874015748031,40.0,MDDM,13.087568599379626,162.04432628433244,13.087568599379626,1446.1802376278506,289.4694006659511,0.9832534202962641,true,186.55921951722155,false,0,0,0,0.06536367017054037,true,0.078416389082549,1.1996937882764658,28.999999999999996,34.99999999999999,0.05785123966942149,44.2,10.399999999999999,54.6,false,0,0.277,4.25,5.9984689413823284,5.9984689413823284
flat_slab,36.0,36.0,12.007874015748031,40.0,DDM (Full),13.087568599379626,162.04432628433244,13.087568599379626,1446.1802376278506,289.4694006659511,0.9832534202962641,true,186.55921951722155,false,0,0,0,0.06536367017054028,true,0.07841638908254889,1.1996937882764658,28.999999999999996,34.99999999999999,0.0734710743801653,46.99999999999999,11.2,58.199999999999996,false,0,0.345,4.25,5.9984689413823284,5.9984689413823284
flat_slab,36.0,36.0,12.007874015748031,40.0,EFM (HC),13.087568599379626,162.04432628433244,13.087568599379626,1427.0517061667208,282.4531915411989,1.0,true,243.68865526960155,true,2,4,3,0.06536367017054028,true,0.07841638908254889,1.1996937882764658,28.999999999999996,34.99999999999999,0.0734710743801653,54.4,10.8,65.19999999999999,false,0,0.356,4.25,5.9984689413823284,5.9984689413823284
flat_slab,36.0,36.0,12.007874015748031,40.0,EFM (ASAP),13.087568599379626,162.04432628433244,13.087568599379626,1427.0517061667208,282.4531915411989,1.0,true,198.61869298399841,true,2,4,3,0.06536367017054046,true,0.07841638908254911,1.1996937882764658,28.999999999999996,34.99999999999999,0.0734710743801653,55.2,11.399999999999999,66.60000000000001,false,0,1.315,4.25,5.9984689413823284,5.9984689413823284
flat_slab,36.0,36.0,12.007874015748031,40.0,FEA,13.087568599379626,162.04432628433244,13.087568599379626,1421.733700740655,282.4531915411989,1.0,true,193.50173812230938,true,4,4,3,0.5495499336287683,true,0.6592916417221774,1.1996937882764658,28.999999999999996,34.99999999999999,0.0734710743801653,46.4,11.6,57.99999999999999,false,0,8.419,4.25,5.9984689413823284,5.9984689413823284
flat_slab,36.0,36.0,12.007874015748031,50.0,MDDM,13.087568599379626,162.04432628433244,13.087568599379626,1526.1157463510958,305.4694006659512,1.0,true,196.87100896857083,true,8,4,3,0.08170458771317529,true,0.09802048635318605,1.1996937882764658,28.999999999999996,34.99999999999999,0.06297520661157024,46.599999999999994,10.399999999999999,57.0,false,0,1.168,4.25,5.9984689413823284,5.9984689413823284
flat_slab,36.0,36.0,12.007874015748031,50.0,DDM (Full),13.087568599379626,162.04432628433244,13.087568599379626,1526.1157463510958,305.4694006659512,1.0,true,196.87100896857083,true,8,4,3,0.08170458771317529,true,0.09802048635318605,1.1996937882764658,28.999999999999996,34.99999999999999,0.0734710743801653,49.4,11.399999999999999,60.8,false,0,0.248,4.25,5.9984689413823284,5.9984689413823284
flat_slab,36.0,36.0,12.007874015748031,50.0,EFM (HC),13.087568599379626,162.04432628433244,13.087568599379626,1507.8892678670536,298.4531915411989,1.0,true,257.4927778678937,true,2,4,3,0.08170458771317535,true,0.09802048635318611,1.1996937882764658,28.999999999999996,34.99999999999999,0.07735537190082645,57.4,11.4,68.80000000000001,false,0,0.285,4.25,5.9984689413823284,5.9984689413823284
flat_slab,36.0,36.0,12.007874015748031,50.0,EFM (ASAP),14.0,173.34163719976155,14.0,1576.3827979800915,312.00996463971387,1.0,true,202.25188071455705,true,2,4,3,0.06674815242950813,true,0.08007734384861159,1.1996937882764658,28.999999999999996,34.99999999999999,0.07735537190082645,57.2,11.799999999999999,69.0,false,0,0.592,4.25,5.9984689413823284,5.9984689413823284
flat_slab,36.0,36.0,12.007874015748031,50.0,FEA,13.087568599379626,162.04432628433244,13.087568599379626,1502.2700157588285,298.4531915411989,1.0,true,204.46294480248017,true,4,4,3,0.6998788863061309,true,0.839640352447316,1.1996937882764658,28.999999999999996,34.99999999999999,0.0734710743801653,49.0,12.399999999999999,61.400000000000006,false,0,8.115,4.25,5.9984689413823284,5.9984689413823284
flat_slab,36.0,36.0,12.007874015748031,80.0,MDDM,13.087568599379626,162.04432628433244,13.087568599379626,1765.92227252083,353.4694006659512,1.0,true,227.80637732261854,true,8,4,3,0.13072734034108063,true,0.15683277816509789,1.1996937882764658,28.999999999999996,34.99999999999999,0.0734710743801653,53.800000000000004,10.8,64.6,false,0,0.285,4.25,5.9984689413823284,5.9984689413823284
flat_slab,36.0,36.0,12.007874015748031,80.0,DDM (Full),13.087568599379626,162.04432628433244,13.087568599379626,1765.92227252083,353.4694006659512,1.0,true,227.80637732261854,true,8,4,3,0.1307273403410804,true,0.1568327781650976,1.1996937882764658,28.999999999999996,34.99999999999999,0.05851851851851852,57.39999999999999,13.199999999999998,70.6,false,0,0.308,4.25,5.9984689413823284,5.9984689413823284
flat_slab,36.0,36.0,12.007874015748031,80.0,FEA,14.499999999999998,179.5324099568959,14.499999999999998,1844.9059989061009,367.43889194827506,1.0,true,224.0400280315203,true,4,4,3,0.7439213253675538,true,0.89247779300985,1.1996937882764658,28.999999999999996,34.99999999999999,0.0734710743801653,54.6,13.4,68.0,false,0,11.451,4.25,5.9984689413823284,5.9984689413823284
flat_slab,40.0,40.0,12.992125984251969,40.0,MDDM,14.543068480076357,180.06566430319168,14.543068480076357,2147.5617512700223,311.0950062885823,1.0,true,225.97886585229165,true,8,4,3,0.06536367017054034,true,0.0871372637116018,1.333114610673666,32.0,35.99999999999999,0.0731687242798354,58.6,12.8,71.4,false,0,1.213,4.25,6.6655730533683295,6.6655730533683295
flat_slab,40.0,40.0,12.992125984251969,40.0,DDM (Full),14.543068480076357,180.06566430319168,14.543068480076357,2147.5617512700223,311.0950062885823,1.0,true,225.97886585229165,true,8,4,3,0.06536367017054026,true,0.08713726371160169,1.333114610673666,32.0,35.99999999999999,0.07703703703703703,62.2,14.4,76.6,false,0,0.195,4.25,6.6655730533683295,6.6655730533683295
flat_slab,40.0,40.0,12.992125984251969,50.0,MDDM,14.543068480076357,180.06566430319168,14.543068480076357,2258.0135017826806,327.0950062885822,1.0,true,237.60123773402685,true,8,4,3,0.0817045877131754,true,0.10892157963950222,1.333114610673666,32.0,35.99999999999999,0.0731687242798354,61.599999999999994,12.8,74.39999999999999,false,0,0.31,4.25,6.6655730533683295,6.6655730533683295
flat_slab,40.0,40.0,12.992125984251969,50.0,DDM (Full),14.543068480076357,180.06566430319168,14.543068480076357,2258.0135017826806,327.0950062885822,1.0,true,237.60123773402685,true,8,4,3,0.0817045877131754,true,0.10892157963950222,1.333114610673666,32.0,35.99999999999999,0.07703703703703703,65.6,14.999999999999998,80.60000000000001,false,0,1.117,4.25,6.6655730533683295,6.6655730533683295
flat_slab,44.0,44.0,14.993438320209975,40.0,MDDM,15.99856836077309,198.0870023220509,15.99856836077309,3050.348442899357,332.7206119112133,1.0,true,243.01508796029424,true,8,4,3,0.06536367017054037,true,0.09585813834065471,1.4665354330708666,36.0,40.0,0.0728,75.2,15.600000000000001,90.8,false,0,1.133,4.25,7.332677165354332,7.332677165354332
